num_s,area,repetition,s_method
100,1.6,1,MC
121,1.4545454545454546,1,MC
144,1.2222222222222223,1,MC
169,1.514792899408284,1,MC
196,1.8775510204081634,1,MC
225,0.9955555555555555,1,MC
256,1.4375,1,MC
289,1.3840830449826989,1,MC
324,1.2345679012345678,1,MC
361,1.8614958448753463,1,MC
400,1.64,1,MC
441,1.3786848072562359,1,MC
484,1.7520661157024793,1,MC
529,1.724007561436673,1,MC
576,1.3333333333333333,1,MC
625,1.2032,1,MC
676,1.4911242603550297,1,MC
729,1.448559670781893,1,MC
784,1.5510204081632653,1,MC
841,1.3888228299643282,1,MC
900,1.4933333333333334,1,MC
961,1.5650364203954215,1,MC
1024,1.453125,1,MC
1089,1.704315886134068,1,MC
1156,1.7024221453287198,1,MC
1225,1.423673469387755,1,MC
1296,1.6790123456790123,1,MC
1369,1.5661066471877283,1,MC
1444,1.4626038781163435,1,MC
1521,1.4937541091387245,1,MC
1600,1.7,1,MC
1681,1.3991671624033313,1,MC
1764,1.6145124716553287,1,MC
1849,1.3931855056787452,1,MC
1936,1.3801652892561984,1,MC
2025,1.5012345679012347,1,MC
2116,1.5198487712665407,1,MC
2209,1.4051607062019014,1,MC
2304,1.4583333333333333,1,MC
2401,1.6059975010412328,1,MC
2500,1.4656,1,MC
2601,1.5747789311803153,1,MC
2704,1.5621301775147929,1,MC
2809,1.5834816660733357,1,MC
2916,1.4320987654320987,1,MC
3025,1.4439669421487604,1,MC
3136,1.3877551020408163,1,MC
3249,1.487226839027393,1,MC
3364,1.5600475624256838,1,MC
3481,1.5168055156564206,1,MC
3600,1.4444444444444444,1,MC
3721,1.543671056167697,1,MC
3844,1.5691987513007284,1,MC
3969,1.5359032501889645,1,MC
4096,1.53125,1,MC
4225,1.541301775147929,1,MC
4356,1.5684113865932048,1,MC
4489,1.6217420360882155,1,MC
4624,1.588235294117647,1,MC
4761,1.5089266960722538,1,MC
4900,1.449795918367347,1,MC
5041,1.5012894267010515,1,MC
5184,1.5740740740740742,1,MC
5329,1.5732782886094951,1,MC
5476,1.4346238130021913,1,MC
5625,1.479111111111111,1,MC
5776,1.479224376731302,1,MC
5929,1.4761342553550345,1,MC
6084,1.5332018408941486,1,MC
6241,1.6330716231373177,1,MC
6400,1.5725,1,MC
6561,1.4363664075598233,1,MC
6724,1.5895300416418798,1,MC
6889,1.6931339817099724,1,MC
7056,1.4829931972789117,1,MC
7225,1.5988927335640137,1,MC
7396,1.5640886965927527,1,MC
7569,1.5854141894569957,1,MC
7744,1.4979338842975207,1,MC
7921,1.5331397550814292,1,MC
8100,1.4795061728395063,1,MC
100,2.08,1,LHS
121,1.71900826446281,1,LHS
144,1.7777777777777777,1,LHS
169,1.893491124260355,1,LHS
196,1.6326530612244898,1,LHS
225,1.7777777777777777,1,LHS
256,1.8125,1,LHS
289,1.7162629757785468,1,LHS
324,1.4814814814814814,1,LHS
361,1.7285318559556786,1,LHS
400,1.8,1,LHS
441,1.4512471655328798,1,LHS
484,1.1900826446280992,1,LHS
529,1.66351606805293,1,LHS
576,1.5,1,LHS
625,1.3824,1,LHS
676,1.349112426035503,1,LHS
729,1.646090534979424,1,LHS
784,1.6326530612244898,1,LHS
841,1.407847800237812,1,LHS
900,1.44,1,LHS
961,1.5317377731529656,1,LHS
1024,1.546875,1,LHS
1089,1.8365472910927456,1,LHS
1156,1.480968858131488,1,LHS
1225,1.4889795918367348,1,LHS
1296,1.5555555555555556,1,LHS
1369,1.5076698319941564,1,LHS
1444,1.6731301939058172,1,LHS
1521,1.5779092702169626,1,LHS
1600,1.61,1,LHS
1681,1.4086853063652587,1,LHS
1764,1.5782312925170068,1,LHS
1849,1.609518658734451,1,LHS
1936,1.5041322314049588,1,LHS
2025,1.5723456790123458,1,LHS
2116,1.610586011342155,1,LHS
2209,1.6079674060660933,1,LHS
2304,1.5138888888888888,1,LHS
2401,1.5460224906289046,1,LHS
2500,1.6128,1,LHS
2601,1.4640522875816993,1,LHS
2704,1.5917159763313609,1,LHS
2809,1.509433962264151,1,LHS
2916,1.5582990397805212,1,LHS
3025,1.5656198347107437,1,LHS
3136,1.5459183673469388,1,LHS
3249,1.5364727608494921,1,LHS
3364,1.5505350772889417,1,LHS
3481,1.5168055156564206,1,LHS
3600,1.48,1,LHS
3721,1.483472184896533,1,LHS
3844,1.490114464099896,1,LHS
3969,1.560090702947846,1,LHS
4096,1.5390625,1,LHS
4225,1.4996449704142012,1,LHS
4356,1.4986225895316805,1,LHS
4489,1.5041211851191802,1,LHS
4624,1.508650519031142,1,LHS
4761,1.4887628649443394,1,LHS
4900,1.5379591836734694,1,LHS
5041,1.4758976393572705,1,LHS
5184,1.5802469135802468,1,LHS
5329,1.5462563332707826,1,LHS
5476,1.4579985390796202,1,LHS
5625,1.5331555555555556,1,LHS
5776,1.5373961218836565,1,LHS
5929,1.5759824590993423,1,LHS
6084,1.5910585141354372,1,LHS
6241,1.5715430219516102,1,LHS
6400,1.5075,1,LHS
6561,1.511964639536656,1,LHS
6724,1.5514574657941702,1,LHS
6889,1.6025547975032661,1,LHS
7056,1.510204081632653,1,LHS
7225,1.5701038062283736,1,LHS
7396,1.531638723634397,1,LHS
7569,1.5938697318007662,1,LHS
7744,1.5082644628099173,1,LHS
7921,1.4523418760257543,1,LHS
8100,1.434074074074074,1,LHS
100,1.76,1,OS
121,1.322314049586777,1,OS
144,1.5555555555555556,1,OS
169,1.6094674556213018,1,OS
196,1.3877551020408163,1,OS
225,1.7066666666666668,1,OS
256,1.6875,1,OS
289,1.439446366782007,1,OS
324,1.5802469135802468,1,OS
361,1.6842105263157894,1,OS
400,1.48,1,OS
441,1.5238095238095237,1,OS
484,1.3553719008264462,1,OS
529,1.5122873345935728,1,OS
576,1.6666666666666667,1,OS
625,1.4848,1,OS
676,1.5621301775147929,1,OS
729,1.646090534979424,1,OS
784,1.5510204081632653,1,OS
841,1.5980975029726516,1,OS
900,1.5644444444444445,1,OS
961,1.5150884495317378,1,OS
1024,1.546875,1,OS
1089,1.5573921028466482,1,OS
1156,1.5501730103806228,1,OS
1225,1.5020408163265306,1,OS
1296,1.5061728395061729,1,OS
1369,1.531044558071585,1,OS
1444,1.518005540166205,1,OS
1521,1.6199868507560815,1,OS
1600,1.55,1,OS
1681,1.5229030339083878,1,OS
1764,1.5419501133786848,1,OS
1849,1.5229853975121688,1,OS
1936,1.5867768595041323,1,OS
2025,1.5802469135802468,1,OS
2116,1.55765595463138,1,OS
2209,1.5138071525577184,1,OS
2304,1.5625,1,OS
2401,1.5660141607663474,1,OS
2500,1.5616,1,OS
2601,1.5747789311803153,1,OS
2704,1.5502958579881656,1,OS
2809,1.549305802776789,1,OS
2916,1.5967078189300412,1,OS
3025,1.5656198347107437,1,OS
3136,1.5357142857142858,1,OS
3249,1.5463219452139119,1,OS
3364,1.5695600475624256,1,OS
3481,1.5903476012640045,1,OS
3600,1.5555555555555556,1,OS
3721,1.5479709755442086,1,OS
3844,1.5275754422476586,1,OS
3969,1.5359032501889645,1,OS
4096,1.55859375,1,OS
4225,1.5602366863905326,1,OS
4356,1.5280073461891643,1,OS
4489,1.5290710625974604,1,OS
4624,1.5259515570934257,1,OS
4761,1.532451165721487,1,OS
4900,1.5575510204081633,1,OS
5041,1.555246974806586,1,OS
5184,1.5462962962962963,1,OS
5329,1.55526365171702,1,OS
5476,1.5661066471877283,1,OS
5625,1.5587555555555554,1,OS
5776,1.5457063711911356,1,OS
5929,1.5435992578849722,1,OS
6084,1.5305719921104537,1,OS
6241,1.5459061047908988,1,OS
6400,1.55,1,OS
6561,1.5485444292028654,1,OS
6724,1.5490779298036883,1,OS
6889,1.5375235883292204,1,OS
7056,1.5487528344671202,1,OS
7225,1.5501730103806228,1,OS
7396,1.5640886965927527,1,OS
7569,1.5663892191835116,1,OS
7744,1.5495867768595042,1,OS
7921,1.5593990657745234,1,OS
8100,1.5427160493827161,1,OS
100,1.28,2,MC
121,1.5867768595041323,2,MC
144,2.0,2,MC
169,1.893491124260355,2,MC
196,1.7142857142857142,2,MC
225,0.9955555555555555,2,MC
256,1.0,2,MC
289,1.217993079584775,2,MC
324,1.6296296296296295,2,MC
361,1.9058171745152355,2,MC
400,1.6,2,MC
441,1.5963718820861679,2,MC
484,1.8181818181818181,2,MC
529,1.3610586011342154,2,MC
576,1.3888888888888888,2,MC
625,1.5872,2,MC
676,1.4437869822485208,2,MC
729,1.4266117969821674,2,MC
784,1.4489795918367347,2,MC
841,1.7693222354340072,2,MC
900,1.3866666666666667,2,MC
961,1.6482830385015608,2,MC
1024,1.59375,2,MC
1089,1.601469237832874,2,MC
1156,1.5363321799307958,2,MC
1225,1.5673469387755101,2,MC
1296,1.5925925925925926,2,MC
1369,1.6011687363038714,2,MC
1444,1.5069252077562327,2,MC
1521,1.5253122945430637,2,MC
1600,1.92,2,MC
1681,1.570493753718025,2,MC
1764,1.5419501133786848,2,MC
1849,1.644131963223364,2,MC
1936,1.71900826446281,2,MC
2025,1.5328395061728395,2,MC
2116,1.550094517958412,2,MC
2209,1.5862381167949298,2,MC
2304,1.4305555555555556,2,MC
2401,1.472719700124948,2,MC
2500,1.4912,2,MC
2601,1.7039600153787005,2,MC
2704,1.4792899408284024,2,MC
2809,1.5436098255606978,2,MC
2916,1.4924554183813443,2,MC
3025,1.5127272727272727,2,MC
3136,1.4744897959183674,2,MC
3249,1.6595875654047398,2,MC
3364,1.5838287752675386,2,MC
3481,1.3559322033898304,2,MC
3600,1.5022222222222221,2,MC
3721,1.483472184896533,2,MC
3844,1.485952133194589,2,MC
3969,1.5036533131771228,2,MC
4096,1.5234375,2,MC
4225,1.5905325443786982,2,MC
4356,1.5831037649219468,2,MC
4489,1.5005569169079973,2,MC
4624,1.453287197231834,2,MC
4761,1.5593362738920395,2,MC
4900,1.4791836734693877,2,MC
5041,1.4981154532830787,2,MC
5184,1.6018518518518519,2,MC
5329,1.5462563332707826,2,MC
5476,1.5894813732651571,2,MC
5625,1.5132444444444444,2,MC
5776,1.5373961218836565,2,MC
5929,1.5597908584921572,2,MC
6084,1.5621301775147929,2,MC
6241,1.563851946803397,2,MC
6400,1.52,2,MC
6561,1.5387898186252096,2,MC
6724,1.5181439619274242,2,MC
6889,1.5119756132965598,2,MC
7056,1.6213151927437641,2,MC
7225,1.6365397923875433,2,MC
7396,1.5987020010816657,2,MC
7569,1.5494781344959705,2,MC
7744,1.5041322314049588,2,MC
7921,1.5917182173967934,2,MC
8100,1.5644444444444445,2,MC
100,1.76,2,LHS
121,1.8512396694214877,2,LHS
144,2.111111111111111,2,LHS
169,1.0414201183431953,2,LHS
196,1.469387755102041,2,LHS
225,1.6355555555555557,2,LHS
256,1.75,2,LHS
289,1.439446366782007,2,LHS
324,1.6296296296296295,2,LHS
361,1.373961218836565,2,LHS
400,1.48,2,LHS
441,1.5238095238095237,2,LHS
484,1.6198347107438016,2,LHS
529,1.6332703213610587,2,LHS
576,1.4166666666666667,2,LHS
625,1.28,2,LHS
676,1.5621301775147929,2,LHS
729,1.382716049382716,2,LHS
784,1.5714285714285714,2,LHS
841,1.5790725326991677,2,LHS
900,1.8311111111111111,2,LHS
961,1.5317377731529656,2,LHS
1024,1.734375,2,LHS
1089,1.5426997245179064,2,LHS
1156,1.480968858131488,2,LHS
1225,1.3975510204081634,2,LHS
1296,1.654320987654321,2,LHS
1369,1.3089846603360118,2,LHS
1444,1.6398891966759004,2,LHS
1521,1.5042735042735043,2,LHS
1600,1.66,2,LHS
1681,1.618084473527662,2,LHS
1764,1.5419501133786848,2,LHS
1849,1.7047052460789616,2,LHS
1936,1.4462809917355373,2,LHS
2025,1.5407407407407407,2,LHS
2116,1.5425330812854443,2,LHS
2209,1.4341330918967858,2,LHS
2304,1.4791666666666667,2,LHS
2401,1.419408579758434,2,LHS
2500,1.4976,2,LHS
2601,1.5132641291810842,2,LHS
2704,1.4970414201183433,2,LHS
2809,1.429690281238875,2,LHS
2916,1.4924554183813443,2,LHS
3025,1.4862809917355373,2,LHS
3136,1.5255102040816326,2,LHS
3249,1.5069252077562327,2,LHS
3364,1.6171224732461356,2,LHS
3481,1.5811548405630567,2,LHS
3600,1.5555555555555556,2,LHS
3721,1.6124697661918839,2,LHS
3844,1.623309053069719,2,LHS
3969,1.63668430335097,2,LHS
4096,1.55078125,2,LHS
4225,1.5450887573964498,2,LHS
4356,1.487603305785124,2,LHS
4489,1.6645132546224104,2,LHS
4624,1.532871972318339,2,LHS
4761,1.5727788279773156,2,LHS
4900,1.5151020408163265,2,LHS
5041,1.5266812140448325,2,LHS
5184,1.5154320987654322,2,LHS
5329,1.603302683430287,2,LHS
5476,1.5105916727538349,2,LHS
5625,1.5644444444444445,2,LHS
5776,1.520775623268698,2,LHS
5929,1.5624894585933546,2,LHS
6084,1.5410913872452334,2,LHS
6241,1.5382150296426855,2,LHS
6400,1.625,2,LHS
6561,1.51440329218107,2,LHS
6724,1.5110053539559787,2,LHS
6889,1.5770068224706053,2,LHS
7056,1.5782312925170068,2,LHS
7225,1.5546020761245676,2,LHS
7396,1.5467820443482965,2,LHS
7569,1.5304531642224866,2,LHS
7744,1.512396694214876,2,LHS
7921,1.567478853680091,2,LHS
8100,1.5644444444444445,2,LHS
100,1.6,2,OS
121,1.71900826446281,2,OS
144,1.4444444444444444,2,OS
169,1.7041420118343196,2,OS
196,1.469387755102041,2,OS
225,1.7066666666666668,2,OS
256,1.6875,2,OS
289,1.494809688581315,2,OS
324,1.6296296296296295,2,OS
361,1.373961218836565,2,OS
400,1.6,2,OS
441,1.560090702947846,2,OS
484,1.5867768595041323,2,OS
529,1.5727788279773156,2,OS
576,1.5555555555555556,2,OS
625,1.4848,2,OS
676,1.6094674556213018,2,OS
729,1.5582990397805212,2,OS
784,1.5714285714285714,2,OS
841,1.4839476813317478,2,OS
900,1.511111111111111,2,OS
961,1.481789802289282,2,OS
1024,1.546875,2,OS
1089,1.4986225895316805,2,OS
1156,1.5501730103806228,2,OS
1225,1.5673469387755101,2,OS
1296,1.5061728395061729,2,OS
1369,1.472607742878013,2,OS
1444,1.4847645429362881,2,OS
1521,1.5568704799474031,2,OS
1600,1.54,2,OS
1681,1.4943486020226056,2,OS
1764,1.5419501133786848,2,OS
1849,1.5489453758788534,2,OS
1936,1.5454545454545454,2,OS
2025,1.5723456790123458,2,OS
2116,1.5425330812854443,2,OS
2209,1.5282933454051606,2,OS
2304,1.5625,2,OS
2401,1.5326947105372761,2,OS
2500,1.5424,2,OS
2601,1.5686274509803921,2,OS
2704,1.5857988165680474,2,OS
2809,1.5208259166963332,2,OS
2916,1.5363511659807956,2,OS
3025,1.5603305785123966,2,OS
3136,1.4948979591836735,2,OS
3249,1.5610957217605417,2,OS
3364,1.5838287752675386,2,OS
3481,1.5811548405630567,2,OS
3600,1.5422222222222222,2,OS
3721,1.543671056167697,2,OS
3844,1.5691987513007284,2,OS
3969,1.5238095238095237,2,OS
4096,1.56640625,2,OS
4225,1.5715976331360946,2,OS
4356,1.5573921028466482,2,OS
4489,1.5361995990198263,2,OS
4624,1.5570934256055364,2,OS
4761,1.5458937198067633,2,OS
4900,1.5118367346938775,2,OS
5041,1.5615949216425313,2,OS
5184,1.5679012345679013,2,OS
5329,1.5612685306811784,2,OS
5476,1.5514974433893354,2,OS
5625,1.5331555555555556,2,OS
5776,1.5401662049861495,2,OS
5929,1.5543936582897622,2,OS
6084,1.5568704799474031,2,OS
6241,1.5433424130748277,2,OS
6400,1.5575,2,OS
6561,1.5485444292028654,2,OS
6724,1.5562165377751338,2,OS
6889,1.5305559587748585,2,OS
7056,1.5419501133786848,2,OS
7225,1.5634602076124569,2,OS
7396,1.5770686857760952,2,OS
7569,1.5558197912537983,2,OS
7744,1.5433884297520661,2,OS
7921,1.549299330892564,2,OS
8100,1.5209876543209877,2,OS
100,1.12,3,MC
121,2.512396694214876,3,MC
144,2.3333333333333335,3,MC
169,1.0414201183431953,3,MC
196,1.9591836734693877,3,MC
225,1.92,3,MC
256,1.25,3,MC
289,1.217993079584775,3,MC
324,1.4814814814814814,3,MC
361,1.4182825484764543,3,MC
400,1.56,3,MC
441,1.7052154195011338,3,MC
484,1.6528925619834711,3,MC
529,1.724007561436673,3,MC
576,1.7777777777777777,3,MC
625,1.5872,3,MC
676,1.3964497041420119,3,MC
729,1.4046639231824416,3,MC
784,2.020408163265306,3,MC
841,1.6361474435196195,3,MC
900,1.6177777777777778,3,MC
961,1.4318418314255983,3,MC
1024,1.46875,3,MC
1089,1.4545454545454546,3,MC
1156,1.439446366782007,3,MC
1225,1.763265306122449,3,MC
1296,1.691358024691358,3,MC
1369,1.6011687363038714,3,MC
1444,1.551246537396122,3,MC
1521,1.472715318869165,3,MC
1600,1.8,3,MC
1681,1.703747769185009,3,MC
1764,1.469387755102041,3,MC
1849,1.5229853975121688,3,MC
1936,1.5289256198347108,3,MC
2025,1.4775308641975309,3,MC
2116,1.6030245746691871,3,MC
2209,1.6369397917609778,3,MC
2304,1.5416666666666667,3,MC
2401,1.612661391087047,3,MC
2500,1.5232,3,MC
2601,1.7101114955786236,3,MC
2704,1.6272189349112427,3,MC
2809,1.4467782128871485,3,MC
2916,1.4156378600823045,3,MC
3025,1.6396694214876033,3,MC
3136,1.5612244897959184,3,MC
3249,1.5709449061249616,3,MC
3364,1.4839476813317478,3,MC
3481,1.5259982763573685,3,MC
3600,1.5777777777777777,3,MC
3721,1.4447729105079279,3,MC
3844,1.619146722164412,3,MC
3969,1.5439657344419249,3,MC
4096,1.51171875,3,MC
4225,1.450414201183432,3,MC
4356,1.494949494949495,3,MC
4489,1.4470928937402538,3,MC
4624,1.480968858131488,3,MC
4761,1.5223692501575299,3,MC
4900,1.5281632653061223,3,MC
5041,1.5584209482245586,3,MC
5184,1.4722222222222223,3,MC
5329,1.5282416963783074,3,MC
5476,1.4550766983199415,3,MC
5625,1.5701333333333334,3,MC
5776,1.4986149584487534,3,MC
5929,1.5651880586945521,3,MC
6084,1.354372123602893,3,MC
6241,1.5202691876301875,3,MC
6400,1.495,3,MC
6561,1.6607224508459075,3,MC
6724,1.6085663295657346,3,MC
6889,1.5793293656553926,3,MC
7056,1.6349206349206349,3,MC
7225,1.488166089965398,3,MC
7396,1.5597620335316387,3,MC
7569,1.5093143083630598,3,MC
7744,1.6528925619834711,3,MC
7921,1.5997980053023608,3,MC
8100,1.586172839506173,3,MC
100,1.28,3,LHS
121,1.0578512396694215,3,LHS
144,1.5555555555555556,3,LHS
169,1.3254437869822486,3,LHS
196,1.8775510204081634,3,LHS
225,1.3511111111111112,3,LHS
256,1.4375,3,LHS
289,1.6608996539792387,3,LHS
324,1.7777777777777777,3,LHS
361,1.4626038781163435,3,LHS
400,1.24,3,LHS
441,1.2335600907029478,3,LHS
484,1.421487603305785,3,LHS
529,1.4215500945179584,3,LHS
576,1.6944444444444444,3,LHS
625,1.6896,3,LHS
676,1.7041420118343196,3,LHS
729,1.448559670781893,3,LHS
784,1.7142857142857142,3,LHS
841,1.6932223543400713,3,LHS
900,1.6533333333333333,3,LHS
961,1.6815816857440167,3,LHS
1024,1.46875,3,LHS
1089,1.4986225895316805,3,LHS
1156,1.508650519031142,3,LHS
1225,1.6326530612244898,3,LHS
1296,1.4074074074074074,3,LHS
1369,1.5544192841490139,3,LHS
1444,1.6731301939058172,3,LHS
1521,1.4832347140039448,3,LHS
1600,1.57,3,LHS
1681,1.6371207614515169,3,LHS
1764,1.5419501133786848,3,LHS
1849,1.5835586803677664,3,LHS
1936,1.4462809917355373,3,LHS
2025,1.4775308641975309,3,LHS
2116,1.5122873345935728,3,LHS
2209,1.4848347668628339,3,LHS
2304,1.6944444444444444,3,LHS
2401,1.6259891711786756,3,LHS
2500,1.4976,3,LHS
2601,1.611687812379854,3,LHS
2704,1.467455621301775,3,LHS
2809,1.55500177999288,3,LHS
2916,1.5582990397805212,3,LHS
3025,1.5709090909090908,3,LHS
3136,1.5357142857142858,3,LHS
3249,1.551246537396122,3,LHS
3364,1.5648038049940547,3,LHS
3481,1.4478598103993106,3,LHS
3600,1.4444444444444444,3,LHS
3721,1.5651706530502554,3,LHS
3844,1.614984391259105,3,LHS
3969,1.6487780297304107,3,LHS
4096,1.5390625,3,LHS
4225,1.6624852071005918,3,LHS
4356,1.4912764003673094,3,LHS
4489,1.5575852082869235,3,LHS
4624,1.4878892733564013,3,LHS
4761,1.6164671287544634,3,LHS
4900,1.5346938775510204,3,LHS
5041,1.504463400119024,3,LHS
5184,1.5308641975308641,3,LHS
5329,1.5312441358603865,3,LHS
5476,1.5807158509861212,3,LHS
5625,1.490488888888889,3,LHS
5776,1.6204986149584488,3,LHS
5929,1.6110642604149097,3,LHS
6084,1.5121630506245891,3,LHS
6241,1.563851946803397,3,LHS
6400,1.63,3,LHS
6561,1.577808260935833,3,LHS
6724,1.6014277215942891,3,LHS
6889,1.5444912178835826,3,LHS
7056,1.5351473922902494,3,LHS
7225,1.488166089965398,3,LHS
7396,1.5532720389399675,3,LHS
7569,1.576958647113225,3,LHS
7744,1.5702479338842976,3,LHS
7921,1.579598535538442,3,LHS
8100,1.522962962962963,3,LHS
100,1.44,3,OS
121,1.322314049586777,3,OS
144,1.6666666666666667,3,OS
169,1.9881656804733727,3,OS
196,1.7142857142857142,3,OS
225,1.4933333333333334,3,OS
256,1.6875,3,OS
289,1.439446366782007,3,OS
324,1.4814814814814814,3,OS
361,1.5955678670360112,3,OS
400,1.6,3,OS
441,1.560090702947846,3,OS
484,1.5206611570247934,3,OS
529,1.5727788279773156,3,OS
576,1.6111111111111112,3,OS
625,1.5872,3,OS
676,1.5384615384615385,3,OS
729,1.5363511659807956,3,OS
784,1.653061224489796,3,OS
841,1.6171224732461356,3,OS
900,1.511111111111111,3,OS
961,1.5150884495317378,3,OS
1024,1.515625,3,OS
1089,1.5133149678604223,3,OS
1156,1.508650519031142,3,OS
1225,1.5542857142857143,3,OS
1296,1.5308641975308641,3,OS
1369,1.5427319211102994,3,OS
1444,1.5734072022160666,3,OS
1521,1.5673898750821829,3,OS
1600,1.52,3,OS
1681,1.5133848899464604,3,OS
1764,1.560090702947846,3,OS
1849,1.5143320713899404,3,OS
1936,1.578512396694215,3,OS
2025,1.5644444444444445,3,OS
2116,1.5727788279773156,3,OS
2209,1.535536441828882,3,OS
2304,1.4861111111111112,3,OS
2401,1.5260308204914619,3,OS
2500,1.5488,3,OS
2601,1.562475970780469,3,OS
2704,1.5207100591715976,3,OS
2809,1.515129939480242,3,OS
2916,1.5198902606310014,3,OS
3025,1.5021487603305785,3,OS
3136,1.5510204081632653,3,OS
3249,1.5216989843028623,3,OS
3364,1.5315101070154578,3,OS
3481,1.5581729388106866,3,OS
3600,1.5466666666666666,3,OS
3721,1.5350712174146735,3,OS
3844,1.5983350676378771,3,OS
3969,1.5479969765684052,3,OS
4096,1.5703125,3,OS
4225,1.5223668639053254,3,OS
4356,1.5280073461891643,3,OS
4489,1.5397638672310092,3,OS
4624,1.5536332179930796,3,OS
4761,1.5358118042428062,3,OS
4900,1.5608163265306123,3,OS
5041,1.5362031342987503,3,OS
5184,1.5679012345679013,3,OS
5329,1.5522612122349408,3,OS
5476,1.5573411249086926,3,OS
5625,1.5644444444444445,3,OS
5776,1.5429362880886426,3,OS
5929,1.5462978579861697,3,OS
6084,1.5463510848126232,3,OS
6241,1.5561608716551836,3,OS
6400,1.5325,3,OS
6561,1.5436671239140376,3,OS
6724,1.537180249851279,3,OS
6889,1.5491363042531572,3,OS
7056,1.5238095238095237,3,OS
7225,1.5501730103806228,3,OS
7396,1.5554353704705246,3,OS
7569,1.551592020081913,3,OS
7744,1.524793388429752,3,OS
7921,1.5553591718217397,3,OS
8100,1.5348148148148149,3,OS
100,1.28,4,MC
121,1.1900826446280992,4,MC
144,2.111111111111111,4,MC
169,1.7988165680473374,4,MC
196,1.6326530612244898,4,MC
225,1.4222222222222223,4,MC
256,1.625,4,MC
289,1.328719723183391,4,MC
324,1.2839506172839505,4,MC
361,1.817174515235457,4,MC
400,1.76,4,MC
441,1.3061224489795917,4,MC
484,1.421487603305785,4,MC
529,1.5122873345935728,4,MC
576,1.5833333333333333,4,MC
625,1.4336,4,MC
676,1.4911242603550297,4,MC
729,1.448559670781893,4,MC
784,1.4489795918367347,4,MC
841,1.826397146254459,4,MC
900,1.6355555555555557,4,MC
961,1.6815816857440167,4,MC
1024,1.4375,4,MC
1089,1.5280073461891643,4,MC
1156,1.467128027681661,4,MC
1225,1.750204081632653,4,MC
1296,1.5432098765432098,4,MC
1369,1.5193571950328708,4,MC
1444,1.551246537396122,4,MC
1521,1.5253122945430637,4,MC
1600,1.46,4,MC
1681,1.5990481856038072,4,MC
1764,1.6780045351473922,4,MC
1849,1.7047052460789616,4,MC
1936,1.8181818181818181,4,MC
2025,1.5565432098765433,4,MC
2116,1.550094517958412,4,MC
2209,1.5862381167949298,4,MC
2304,1.5069444444444444,4,MC
2401,1.4327363598500624,4,MC
2500,1.7024,4,MC
2601,1.5686274509803921,4,MC
2704,1.532544378698225,4,MC
2809,1.429690281238875,4,MC
2916,1.4375857338820301,4,MC
3025,1.6978512396694214,4,MC
3136,1.5510204081632653,4,MC
3249,1.4823022468451832,4,MC
3364,1.4839476813317478,4,MC
3481,1.5903476012640045,4,MC
3600,1.4177777777777778,4,MC
3721,1.681268476216071,4,MC
3844,1.4360041623309052,4,MC
3969,1.5318720080624844,4,MC
4096,1.46484375,4,MC
4225,1.4996449704142012,4,MC
4356,1.5647382920110193,4,MC
4489,1.5860993539763868,4,MC
4624,1.4359861591695502,4,MC
4761,1.4349926486032347,4,MC
4900,1.5151020408163265,4,MC
5041,1.5615949216425313,4,MC
5184,1.5802469135802468,4,MC
5329,1.6363295177331583,4,MC
5476,1.560262965668371,4,MC
5625,1.536,4,MC
5776,1.5844875346260388,4,MC
5929,1.5894754596053298,4,MC
6084,1.4174884944115713,4,MC
6241,1.5894888639641083,4,MC
6400,1.485,4,MC
6561,1.626581313824112,4,MC
6724,1.4919690660321236,4,MC
6889,1.5700391929162434,4,MC
7056,1.5464852607709751,4,MC
7225,1.530242214532872,4,MC
7396,1.52947539210384,4,MC
7569,1.5283392786365437,4,MC
7744,1.603305785123967,4,MC
7921,1.549299330892564,4,MC
8100,1.5664197530864197,4,MC
100,1.44,4,LHS
121,2.2479338842975207,4,LHS
144,1.3333333333333333,4,LHS
169,1.514792899408284,4,LHS
196,2.2857142857142856,4,LHS
225,1.4222222222222223,4,LHS
256,1.5625,4,LHS
289,1.6055363321799307,4,LHS
324,1.382716049382716,4,LHS
361,1.6398891966759004,4,LHS
400,1.68,4,LHS
441,1.5238095238095237,4,LHS
484,1.6198347107438016,4,LHS
529,1.6030245746691871,4,LHS
576,1.4166666666666667,4,LHS
625,1.6384,4,LHS
676,1.4911242603550297,4,LHS
729,1.5582990397805212,4,LHS
784,1.2040816326530612,4,LHS
841,1.44589774078478,4,LHS
900,1.528888888888889,4,LHS
961,1.6482830385015608,4,LHS
1024,1.921875,4,LHS
1089,1.660238751147842,4,LHS
1156,1.411764705882353,4,LHS
1225,1.5673469387755101,4,LHS
1296,1.691358024691358,4,LHS
1369,1.5894813732651571,4,LHS
1444,1.5734072022160666,4,LHS
1521,1.514792899408284,4,LHS
1600,1.51,4,LHS
1681,1.6371207614515169,4,LHS
1764,1.5238095238095237,4,LHS
1849,1.5229853975121688,4,LHS
1936,1.462809917355372,4,LHS
2025,1.4933333333333334,4,LHS
2116,1.610586011342155,4,LHS
2209,1.5138071525577184,4,LHS
2304,1.4305555555555556,4,LHS
2401,1.499375260308205,4,LHS
2500,1.6832,4,LHS
2601,1.4271434063821606,4,LHS
2704,1.4733727810650887,4,LHS
2809,1.5379138483446066,4,LHS
2916,1.5857338820301783,4,LHS
3025,1.666115702479339,4,LHS
3136,1.586734693877551,4,LHS
3249,1.5857186826715912,4,LHS
3364,1.5172413793103448,4,LHS
3481,1.5443837977592645,4,LHS
3600,1.4266666666666667,4,LHS
3721,1.6425692018274658,4,LHS
3844,1.5359001040582727,4,LHS
3969,1.5399344923154448,4,LHS
4096,1.5234375,4,LHS
4225,1.5223668639053254,4,LHS
4356,1.5610651974288339,4,LHS
4489,1.5611494764981064,4,LHS
4624,1.5294117647058822,4,LHS
4761,1.465238395295106,4,LHS
4900,1.5444897959183674,4,LHS
5041,1.5615949216425313,4,LHS
5184,1.5092592592592593,4,LHS
5329,1.6213173203227622,4,LHS
5476,1.5105916727538349,4,LHS
5625,1.5104,4,LHS
5776,1.556786703601108,4,LHS
5929,1.5058188564682071,4,LHS
6084,1.48060486522025,4,LHS
6241,1.581797788815895,4,LHS
6400,1.565,4,LHS
6561,1.5607376924249352,4,LHS
6724,1.534800713860797,4,LHS
6889,1.5630715633618812,4,LHS
7056,1.5328798185941044,4,LHS
7225,1.5280276816608998,4,LHS
7396,1.4407787993510006,4,LHS
7569,1.4881754525036333,4,LHS
7744,1.5743801652892562,4,LHS
7921,1.5290998611286453,4,LHS
8100,1.5565432098765433,4,LHS
100,1.44,4,OS
121,1.5867768595041323,4,OS
144,1.5555555555555556,4,OS
169,1.7041420118343196,4,OS
196,1.6326530612244898,4,OS
225,1.5644444444444445,4,OS
256,1.5625,4,OS
289,1.494809688581315,4,OS
324,1.4814814814814814,4,OS
361,1.6842105263157894,4,OS
400,1.44,4,OS
441,1.4512471655328798,4,OS
484,1.421487603305785,4,OS
529,1.5727788279773156,4,OS
576,1.5,4,OS
625,1.4592,4,OS
676,1.5384615384615385,4,OS
729,1.5582990397805212,4,OS
784,1.5714285714285714,4,OS
841,1.5790725326991677,4,OS
900,1.6533333333333333,4,OS
961,1.5650364203954215,4,OS
1024,1.5,4,OS
1089,1.5720844811753902,4,OS
1156,1.6193771626297577,4,OS
1225,1.5020408163265306,4,OS
1296,1.5185185185185186,4,OS
1369,1.472607742878013,4,OS
1444,1.5734072022160666,4,OS
1521,1.5253122945430637,4,OS
1600,1.5,4,OS
1681,1.4943486020226056,4,OS
1764,1.5510204081632653,4,OS
1849,1.5662520281233099,4,OS
1936,1.487603305785124,4,OS
2025,1.588148148148148,4,OS
2116,1.5122873345935728,4,OS
2209,1.5717519239474875,4,OS
2304,1.5486111111111112,4,OS
2401,1.5127030403998334,4,OS
2500,1.5936,4,OS
2601,1.5194156093810074,4,OS
2704,1.5384615384615385,4,OS
2809,1.560697757208971,4,OS
2916,1.5857338820301783,4,OS
3025,1.528595041322314,4,OS
3136,1.566326530612245,4,OS
3249,1.5167743921206525,4,OS
3364,1.5457788347205708,4,OS
3481,1.5305946567078426,4,OS
3600,1.5377777777777777,4,OS
3721,1.539371136791185,4,OS
3844,1.5150884495317378,4,OS
3969,1.5721844293272864,4,OS
4096,1.5703125,4,OS
4225,1.5375147928994082,4,OS
4356,1.5133149678604223,4,OS
4489,1.5290710625974604,4,OS
4624,1.5570934256055364,4,OS
4761,1.5458937198067633,4,OS
4900,1.5477551020408162,4,OS
5041,1.5647688950605039,4,OS
5184,1.5339506172839505,4,OS
5329,1.5282416963783074,4,OS
5476,1.5573411249086926,4,OS
5625,1.5587555555555554,4,OS
5776,1.5623268698060941,4,OS
5929,1.5435992578849722,4,OS
6084,1.5332018408941486,4,OS
6241,1.5535971799391124,4,OS
6400,1.54,4,OS
6561,1.568053650358177,4,OS
6724,1.5419393218322428,4,OS
6889,1.5352010451444331,4,OS
7056,1.5555555555555556,4,OS
7225,1.5546020761245676,4,OS
7396,1.5554353704705246,4,OS
7569,1.551592020081913,4,OS
7744,1.5578512396694215,4,OS
7921,1.551319277868956,4,OS
8100,1.554567901234568,4,OS
100,1.6,5,MC
121,1.4545454545454546,5,MC
144,1.8888888888888888,5,MC
169,0.9467455621301775,5,MC
196,1.0612244897959184,5,MC
225,1.5644444444444445,5,MC
256,1.1875,5,MC
289,1.3840830449826989,5,MC
324,1.2345679012345678,5,MC
361,2.1274238227146816,5,MC
400,1.92,5,MC
441,1.9229024943310657,5,MC
484,1.487603305785124,5,MC
529,1.6030245746691871,5,MC
576,1.4166666666666667,5,MC
625,1.8944,5,MC
676,1.2781065088757397,5,MC
729,1.646090534979424,5,MC
784,1.8571428571428572,5,MC
841,1.4649227110582639,5,MC
900,1.7066666666666668,5,MC
961,1.5483870967741935,5,MC
1024,1.421875,5,MC
1089,1.5133149678604223,5,MC
1156,1.7301038062283738,5,MC
1225,1.5412244897959184,5,MC
1296,1.6296296296296295,5,MC
1369,1.472607742878013,5,MC
1444,1.8836565096952909,5,MC
1521,1.641025641025641,5,MC
1600,1.56,5,MC
1681,1.3610945865556217,5,MC
1764,1.5782312925170068,5,MC
1849,1.7998918334234721,5,MC
1936,1.4958677685950412,5,MC
2025,1.382716049382716,5,MC
2116,1.5879017013232515,5,MC
2209,1.5934812132186509,5,MC
2304,1.5347222222222223,5,MC
2401,1.5660141607663474,5,MC
2500,1.376,5,MC
2601,1.673202614379085,5,MC
2704,1.485207100591716,5,MC
2809,1.720185119259523,5,MC
2916,1.6844993141289437,5,MC
3025,1.4439669421487604,5,MC
3136,1.7704081632653061,5,MC
3249,1.541397353031702,5,MC
3364,1.5457788347205708,5,MC
3481,1.6546969261706406,5,MC
3600,1.551111111111111,5,MC
3721,1.4490728298844398,5,MC
3844,1.5234131113423517,5,MC
3969,1.6608717561098514,5,MC
4096,1.57421875,5,MC
4225,1.488284023668639,5,MC
4356,1.5353535353535352,5,MC
4489,1.5647137447092894,5,MC
4624,1.4498269896193772,5,MC
4761,1.5223692501575299,5,MC
4900,1.5444897959183674,5,MC
5041,1.5933346558222574,5,MC
5184,1.5493827160493827,5,MC
5329,1.489209983111278,5,MC
5476,1.6011687363038714,5,MC
5625,1.4364444444444444,5,MC
5776,1.5817174515235457,5,MC
5929,1.5840782594029348,5,MC
6084,1.4017094017094016,5,MC
6241,1.5407787213587567,5,MC
6400,1.45,5,MC
6561,1.5485444292028654,5,MC
6724,1.6918500892325996,5,MC
6889,1.5189432428509217,5,MC
7056,1.510204081632653,5,MC
7225,1.5634602076124569,5,MC
7396,1.5381287182260681,5,MC
7569,1.4480116263707228,5,MC
7744,1.5971074380165289,5,MC
7921,1.5109203383411185,5,MC
8100,1.5387654320987654,5,MC
100,1.12,5,LHS
121,1.71900826446281,5,LHS
144,1.3333333333333333,5,LHS
169,1.514792899408284,5,LHS
196,1.3061224489795917,5,LHS
225,1.7777777777777777,5,LHS
256,1.5625,5,LHS
289,1.273356401384083,5,LHS
324,1.5802469135802468,5,LHS
361,1.5955678670360112,5,LHS
400,1.68,5,LHS
441,1.5963718820861679,5,LHS
484,1.4545454545454546,5,LHS
529,1.4820415879017013,5,LHS
576,1.5555555555555556,5,LHS
625,1.5616,5,LHS
676,1.3727810650887573,5,LHS
729,1.7119341563786008,5,LHS
784,1.6938775510204083,5,LHS
841,1.6741973840665874,5,LHS
900,1.7066666666666668,5,LHS
961,1.4984391259105099,5,LHS
1024,1.859375,5,LHS
1089,1.5867768595041323,5,LHS
1156,1.5916955017301038,5,LHS
1225,1.5412244897959184,5,LHS
1296,1.5432098765432098,5,LHS
1369,1.6712929145361577,5,LHS
1444,1.3074792243767313,5,LHS
1521,1.5463510848126232,5,LHS
1600,1.49,5,LHS
1681,1.5895300416418798,5,LHS
1764,1.6507936507936507,5,LHS
1849,1.6181719848566793,5,LHS
1936,1.5702479338842976,5,LHS
2025,1.6276543209876544,5,LHS
2116,1.5198487712665407,5,LHS
2209,1.6659121774558623,5,LHS
2304,1.5416666666666667,5,LHS
2401,1.5193669304456476,5,LHS
2500,1.6512,5,LHS
2601,1.6978085351787775,5,LHS
2704,1.5680473372781065,5,LHS
2809,1.4524741901032396,5,LHS
2916,1.5253772290809329,5,LHS
3025,1.5709090909090908,5,LHS
3136,1.5255102040816326,5,LHS
3249,1.4626038781163435,5,LHS
3364,1.5267538644470868,5,LHS
3481,1.5903476012640045,5,LHS
3600,1.6044444444444443,5,LHS
3721,1.5264713786616502,5,LHS
3844,1.5608740894901145,5,LHS
3969,1.5681531872008063,5,LHS
4096,1.51171875,5,LHS
4225,1.5867455621301776,5,LHS
4356,1.4765840220385675,5,LHS
4489,1.6039206950323013,5,LHS
4624,1.4498269896193772,5,LHS
4761,1.4954841419869775,5,LHS
4900,1.6751020408163266,5,LHS
5041,1.5393771077167229,5,LHS
5184,1.5154320987654322,5,LHS
5329,1.585288046537812,5,LHS
5476,1.6011687363038714,5,LHS
5625,1.5502222222222222,5,LHS
5776,1.5152354570637119,5,LHS
5929,1.5597908584921572,5,LHS
6084,1.598948060486522,5,LHS
6241,1.4510495112962667,5,LHS
6400,1.54,5,LHS
6561,1.5070873342478281,5,LHS
6724,1.5300416418798335,5,LHS
6889,1.5235883292204964,5,LHS
7056,1.4648526077097506,5,LHS
7225,1.552387543252595,5,LHS
7396,1.5770686857760952,5,LHS
7569,1.5600475624256838,5,LHS
7744,1.487603305785124,5,LHS
7921,1.5472793839161723,5,LHS
8100,1.497283950617284,5,LHS
100,1.6,5,OS
121,1.5867768595041323,5,OS
144,1.5555555555555556,5,OS
169,1.7041420118343196,5,OS
196,1.6326530612244898,5,OS
225,1.4933333333333334,5,OS
256,1.5625,5,OS
289,1.6608996539792387,5,OS
324,1.4814814814814814,5,OS
361,1.5955678670360112,5,OS
400,1.44,5,OS
441,1.3786848072562359,5,OS
484,1.5867768595041323,5,OS
529,1.5425330812854443,5,OS
576,1.6111111111111112,5,OS
625,1.664,5,OS
676,1.6094674556213018,5,OS
729,1.4705075445816187,5,OS
784,1.5510204081632653,5,OS
841,1.426872770511296,5,OS
900,1.528888888888889,5,OS
961,1.5150884495317378,5,OS
1024,1.625,5,OS
1089,1.5426997245179064,5,OS
1156,1.5778546712802768,5,OS
1225,1.5020408163265306,5,OS
1296,1.5308641975308641,5,OS
1369,1.5544192841490139,5,OS
1444,1.518005540166205,5,OS
1521,1.5568704799474031,5,OS
1600,1.56,5,OS
1681,1.5609756097560976,5,OS
1764,1.5238095238095237,5,OS
1849,1.5402920497566253,5,OS
1936,1.537190082644628,5,OS
2025,1.5407407407407407,5,OS
2116,1.5425330812854443,5,OS
2209,1.5138071525577184,5,OS
2304,1.5625,5,OS
2401,1.5660141607663474,5,OS
2500,1.5424,5,OS
2601,1.4886582083813917,5,OS
2704,1.5857988165680474,5,OS
2809,1.5379138483446066,5,OS
2916,1.541838134430727,5,OS
3025,1.5127272727272727,5,OS
3136,1.5714285714285714,5,OS
3249,1.5118497999384426,5,OS
3364,1.5600475624256838,5,OS
3481,1.5122091353059466,5,OS
3600,1.5422222222222222,5,OS
3721,1.5264713786616502,5,OS
3844,1.5026014568158168,5,OS
3969,1.5681531872008063,5,OS
4096,1.5390625,5,OS
4225,1.5602366863905326,5,OS
4356,1.5426997245179064,5,OS
4489,1.543328135442192,5,OS
4624,1.5570934256055364,5,OS
4761,1.5626969124133585,5,OS
4900,1.5575510204081633,5,OS
5041,1.5584209482245586,5,OS
5184,1.558641975308642,5,OS
5329,1.5642709701632576,5,OS
5476,1.5456537618699782,5,OS
5625,1.5246222222222223,5,OS
5776,1.5401662049861495,5,OS
5929,1.5462978579861697,5,OS
6084,1.5463510848126232,5,OS
6241,1.510014420765903,5,OS
6400,1.545,5,OS
6561,1.5534217344916934,5,OS
6724,1.5276621058893516,5,OS
6889,1.5398461315140077,5,OS
7056,1.526077097505669,5,OS
7225,1.5501730103806228,5,OS
7396,1.5554353704705246,5,OS
7569,1.5473642489100277,5,OS
7744,1.5289256198347108,5,OS
7921,1.5593990657745234,5,OS
8100,1.5466666666666666,5,OS
100,1.44,6,MC
121,1.8512396694214877,6,MC
144,1.8888888888888888,6,MC
169,1.3254437869822486,6,MC
196,1.2244897959183674,6,MC
225,1.3511111111111112,6,MC
256,1.875,6,MC
289,1.7162629757785468,6,MC
324,1.1851851851851851,6,MC
361,1.7728531855955678,6,MC
400,1.0,6,MC
441,2.068027210884354,6,MC
484,1.5867768595041323,6,MC
529,1.6332703213610587,6,MC
576,1.0277777777777777,6,MC
625,1.6896,6,MC
676,1.6094674556213018,6,MC
729,1.755829903978052,6,MC
784,1.4285714285714286,6,MC
841,1.5980975029726516,6,MC
900,1.6355555555555557,6,MC
961,1.481789802289282,6,MC
1024,1.59375,6,MC
1089,1.6896235078053259,6,MC
1156,1.6193771626297577,6,MC
1225,1.933061224489796,6,MC
1296,1.5061728395061729,6,MC
1369,1.7531044558071585,6,MC
1444,1.3850415512465375,6,MC
1521,1.5042735042735043,6,MC
1600,1.64,6,MC
1681,1.5800118976799524,6,MC
1764,1.5056689342403629,6,MC
1849,1.678745267712277,6,MC
1936,1.7024793388429753,6,MC
2025,1.6987654320987655,6,MC
2116,1.4215500945179584,6,MC
2209,1.542779538252603,6,MC
2304,1.5972222222222223,6,MC
2401,1.639316951270304,6,MC
2500,1.824,6,MC
2601,1.556324490580546,6,MC
2704,1.6568047337278107,6,MC
2809,1.55500177999288,6,MC
2916,1.3772290809327847,6,MC
3025,1.380495867768595,6,MC
3136,1.3826530612244898,6,MC
3249,1.4970760233918128,6,MC
3364,1.5457788347205708,6,MC
3481,1.4984199942545247,6,MC
3600,1.56,6,MC
3721,1.638269282450954,6,MC
3844,1.477627471383975,6,MC
3969,1.5036533131771228,6,MC
4096,1.5078125,6,MC
4225,1.5450887573964498,6,MC
4356,1.5133149678604223,6,MC
4489,1.4969926486968144,6,MC
4624,1.505190311418685,6,MC
4761,1.6836798991808444,6,MC
4900,1.4955102040816326,6,MC
5041,1.5679428684784764,6,MC
5184,1.5864197530864197,6,MC
5329,1.525239256896228,6,MC
5476,1.627465303140979,6,MC
5625,1.5616,6,MC
5776,1.6094182825484764,6,MC
5929,1.66503626243886,6,MC
6084,1.4937541091387245,6,MC
6241,1.5330876462105432,6,MC
6400,1.5675,6,MC
6561,1.697302240512117,6,MC
6724,1.5157644259369423,6,MC
6889,1.412106256350704,6,MC
7056,1.528344671201814,6,MC
7225,1.5346712802768165,6,MC
7396,1.5056787452677123,6,MC
7569,1.6974501255119567,6,MC
7744,1.5950413223140496,6,MC
7921,1.45840171695493,6,MC
8100,1.5269135802469136,6,MC
100,1.12,6,LHS
121,1.5867768595041323,6,LHS
144,2.4444444444444446,6,LHS
169,1.2307692307692308,6,LHS
196,1.7142857142857142,6,LHS
225,1.7777777777777777,6,LHS
256,1.3125,6,LHS
289,1.6608996539792387,6,LHS
324,1.2839506172839505,6,LHS
361,1.4626038781163435,6,LHS
400,1.48,6,LHS
441,1.342403628117914,6,LHS
484,1.5537190082644627,6,LHS
529,1.6332703213610587,6,LHS
576,1.75,6,LHS
625,1.408,6,LHS
676,1.4437869822485208,6,LHS
729,1.51440329218107,6,LHS
784,1.5714285714285714,6,LHS
841,1.7883472057074912,6,LHS
900,1.5822222222222222,6,LHS
961,1.4984391259105099,6,LHS
1024,1.78125,6,LHS
1089,1.5720844811753902,6,LHS
1156,1.5501730103806228,6,LHS
1225,1.3583673469387756,6,LHS
1296,1.4320987654320987,6,LHS
1369,1.4842951059167275,6,LHS
1444,1.3407202216066483,6,LHS
1521,1.4937541091387245,6,LHS
1600,1.46,6,LHS
1681,1.4657941701368233,6,LHS
1764,1.5238095238095237,6,LHS
1849,1.5749053542455382,6,LHS
1936,1.43801652892562,6,LHS
2025,1.5407407407407407,6,LHS
2116,1.5198487712665407,6,LHS
2209,1.441376188320507,6,LHS
2304,1.5069444444444444,6,LHS
2401,1.4327363598500624,6,LHS
2500,1.5744,6,LHS
2601,1.3594771241830066,6,LHS
2704,1.5384615384615385,6,LHS
2809,1.560697757208971,6,LHS
2916,1.5912208504801097,6,LHS
3025,1.5550413223140496,6,LHS
3136,1.4540816326530612,6,LHS
3249,1.551246537396122,6,LHS
3364,1.5648038049940547,6,LHS
3481,1.6041367423154267,6,LHS
3600,1.4533333333333334,6,LHS
3721,1.5608707336737435,6,LHS
3844,1.5400624349635796,6,LHS
3969,1.5883093978332075,6,LHS
4096,1.5859375,6,LHS
4225,1.5337278106508876,6,LHS
4356,1.601469237832874,6,LHS
4489,1.4435286255290711,6,LHS
4624,1.5155709342560553,6,LHS
4761,1.5022054190296157,6,LHS
4900,1.5804081632653062,6,LHS
5041,1.606030549494148,6,LHS
5184,1.5308641975308641,6,LHS
5329,1.525239256896228,6,LHS
5476,1.531044558071585,6,LHS
5625,1.5587555555555554,6,LHS
5776,1.5069252077562327,6,LHS
5929,1.5543936582897622,6,LHS
6084,1.5253122945430637,6,LHS
6241,1.5612882550873257,6,LHS
6400,1.5125,6,LHS
6561,1.5339125133363816,6,LHS
6724,1.6371207614515169,6,LHS
6889,1.5677166497314559,6,LHS
7056,1.5691609977324263,6,LHS
7225,1.5103114186851212,6,LHS
7396,1.570578691184424,6,LHS
7569,1.5008587660192891,6,LHS
7744,1.5599173553719008,6,LHS
7921,1.5230400201994698,6,LHS
8100,1.511111111111111,6,LHS
100,1.28,6,OS
121,1.5867768595041323,6,OS
144,1.4444444444444444,6,OS
169,1.4201183431952662,6,OS
196,1.469387755102041,6,OS
225,1.4933333333333334,6,OS
256,1.6875,6,OS
289,1.439446366782007,6,OS
324,1.728395061728395,6,OS
361,1.5955678670360112,6,OS
400,1.4,6,OS
441,1.5963718820861679,6,OS
484,1.487603305785124,6,OS
529,1.5122873345935728,6,OS
576,1.5,6,OS
625,1.536,6,OS
676,1.4911242603550297,6,OS
729,1.5582990397805212,6,OS
784,1.6122448979591837,6,OS
841,1.5410225921521998,6,OS
900,1.4755555555555555,6,OS
961,1.5483870967741935,6,OS
1024,1.578125,6,OS
1089,1.5867768595041323,6,OS
1156,1.5363321799307958,6,OS
1225,1.606530612244898,6,OS
1296,1.5925925925925926,6,OS
1369,1.5427319211102994,6,OS
1444,1.4626038781163435,6,OS
1521,1.5358316896778434,6,OS
1600,1.51,6,OS
1681,1.4848304580606781,6,OS
1764,1.5782312925170068,6,OS
1849,1.5489453758788534,6,OS
1936,1.5702479338842976,6,OS
2025,1.548641975308642,6,OS
2116,1.5122873345935728,6,OS
2209,1.5717519239474875,6,OS
2304,1.5277777777777777,6,OS
2401,1.5260308204914619,6,OS
2500,1.5488,6,OS
2601,1.5747789311803153,6,OS
2704,1.514792899408284,6,OS
2809,1.5663937344250622,6,OS
2916,1.541838134430727,6,OS
3025,1.5233057851239669,6,OS
3136,1.5153061224489797,6,OS
3249,1.5561711295783318,6,OS
3364,1.5790725326991677,6,OS
3481,1.5443837977592645,6,OS
3600,1.528888888888889,6,OS
3721,1.5565708142972319,6,OS
3844,1.5317377731529656,6,OS
3969,1.527840765936004,6,OS
4096,1.53515625,6,OS
4225,1.5715976331360946,6,OS
4356,1.5573921028466482,6,OS
4489,1.5326353308086433,6,OS
4624,1.5294117647058822,6,OS
4761,1.5492543583280822,6,OS
4900,1.5608163265306123,6,OS
5041,1.5457250545526682,6,OS
5184,1.5401234567901234,6,OS
5329,1.5522612122349408,6,OS
5476,1.5252008765522278,6,OS
5625,1.5587555555555554,6,OS
5776,1.5678670360110802,6,OS
5929,1.5301062573789848,6,OS
6084,1.554240631163708,6,OS
6241,1.5356513379266143,6,OS
6400,1.5625,6,OS
6561,1.570492303002591,6,OS
6724,1.537180249851279,6,OS
6889,1.5491363042531572,6,OS
7056,1.5419501133786848,6,OS
7225,1.5324567474048443,6,OS
7396,1.5446187128177393,6,OS
7569,1.5685031047694544,6,OS
7744,1.5805785123966942,6,OS
7921,1.5593990657745234,6,OS
8100,1.5427160493827161,6,OS
100,1.92,7,MC
121,2.2479338842975207,7,MC
144,1.3333333333333333,7,MC
169,1.6094674556213018,7,MC
196,2.2857142857142856,7,MC
225,1.8488888888888888,7,MC
256,1.625,7,MC
289,1.6055363321799307,7,MC
324,1.6790123456790123,7,MC
361,1.551246537396122,7,MC
400,1.48,7,MC
441,1.4149659863945578,7,MC
484,1.6198347107438016,7,MC
529,1.4215500945179584,7,MC
576,1.9166666666666667,7,MC
625,1.4592,7,MC
676,1.4201183431952662,7,MC
729,1.3388203017832647,7,MC
784,1.7142857142857142,7,MC
841,1.6171224732461356,7,MC
900,1.6177777777777778,7,MC
961,1.4151925078043703,7,MC
1024,1.640625,7,MC
1089,1.7924701561065197,7,MC
1156,1.6470588235294117,7,MC
1225,1.7110204081632654,7,MC
1296,1.5061728395061729,7,MC
1369,1.741417092768444,7,MC
1444,1.440443213296399,7,MC
1521,1.6199868507560815,7,MC
1600,1.47,7,MC
1681,1.570493753718025,7,MC
1764,1.5691609977324263,7,MC
1849,1.5662520281233099,7,MC
1936,1.462809917355372,7,MC
2025,1.4617283950617284,7,MC
2116,1.3534971644612477,7,MC
2209,1.4631054775916705,7,MC
2304,1.5347222222222223,7,MC
2401,1.4593919200333194,7,MC
2500,1.504,7,MC
2601,1.4579008073817763,7,MC
2704,1.4970414201183433,7,MC
2809,1.5834816660733357,7,MC
2916,1.700960219478738,7,MC
3025,1.7454545454545454,7,MC
3136,1.4438775510204083,7,MC
3249,1.4527546937519236,7,MC
3364,1.436385255648038,7,MC
3481,1.4754380925021546,7,MC
3600,1.5733333333333333,7,MC
3721,1.4920720236495566,7,MC
3844,1.5442247658688866,7,MC
3969,1.5721844293272864,7,MC
4096,1.61328125,7,MC
4225,1.6018934911242604,7,MC
4356,1.5867768595041323,7,MC
4489,1.511249721541546,7,MC
4624,1.6193771626297577,7,MC
4761,1.532451165721487,7,MC
4900,1.5216326530612245,7,MC
5041,1.3965483039079547,7,MC
5184,1.4351851851851851,7,MC
5329,1.5342465753424657,7,MC
5476,1.5661066471877283,7,MC
5625,1.567288888888889,7,MC
5776,1.5734072022160666,7,MC
5929,1.522010457075392,7,MC
6084,1.5437212360289283,7,MC
6241,1.5074507290498318,7,MC
6400,1.45,7,MC
6561,1.5924401768023166,7,MC
6724,1.4348602022605592,7,MC
6889,1.493395267818261,7,MC
7056,1.4965986394557824,7,MC
7225,1.530242214532872,7,MC
7396,1.5813953488372092,7,MC
7569,1.589641960628881,7,MC
7744,1.56198347107438,7,MC
7921,1.549299330892564,7,MC
8100,1.4735802469135801,7,MC
100,1.44,7,LHS
121,1.8512396694214877,7,LHS
144,1.6666666666666667,7,LHS
169,1.136094674556213,7,LHS
196,1.1428571428571428,7,LHS
225,1.3511111111111112,7,LHS
256,2.125,7,LHS
289,1.0519031141868511,7,LHS
324,1.4814814814814814,7,LHS
361,1.7728531855955678,7,LHS
400,1.52,7,LHS
441,1.6689342403628118,7,LHS
484,1.6198347107438016,7,LHS
529,1.330812854442344,7,LHS
576,1.4444444444444444,7,LHS
625,1.6384,7,LHS
676,1.727810650887574,7,LHS
729,1.7338820301783264,7,LHS
784,1.5918367346938775,7,LHS
841,1.426872770511296,7,LHS
900,1.44,7,LHS
961,1.6482830385015608,7,LHS
1024,1.28125,7,LHS
1089,1.5280073461891643,7,LHS
1156,1.5778546712802768,7,LHS
1225,1.5673469387755101,7,LHS
1296,1.5555555555555556,7,LHS
1369,1.4492330168005845,7,LHS
1444,1.518005540166205,7,LHS
1521,1.6725838264299804,7,LHS
1600,1.43,7,LHS
1681,1.5895300416418798,7,LHS
1764,1.5419501133786848,7,LHS
1849,1.531638723634397,7,LHS
1936,1.487603305785124,7,LHS
2025,1.5249382716049382,7,LHS
2116,1.5274102079395084,7,LHS
2209,1.5210502489814395,7,LHS
2304,1.4652777777777777,7,LHS
2401,1.2994585589337775,7,LHS
2500,1.6128,7,LHS
2601,1.439446366782007,7,LHS
2704,1.5088757396449703,7,LHS
2809,1.509433962264151,7,LHS
2916,1.5473251028806585,7,LHS
3025,1.4915702479338844,7,LHS
3136,1.4948979591836735,7,LHS
3249,1.5167743921206525,7,LHS
3364,1.469678953626635,7,LHS
3481,1.5214018960068945,7,LHS
3600,1.551111111111111,7,LHS
3721,1.5221714592851383,7,LHS
3844,1.5816857440166494,7,LHS
3969,1.5802469135802468,7,LHS
4096,1.61328125,7,LHS
4225,1.503431952662722,7,LHS
4356,1.601469237832874,7,LHS
4489,1.5611494764981064,7,LHS
4624,1.6159169550173011,7,LHS
4761,1.6030245746691871,7,LHS
4900,1.4987755102040816,7,LHS
5041,1.5774647887323943,7,LHS
5184,1.5154320987654322,7,LHS
5329,1.5582660911990993,7,LHS
5476,1.5807158509861212,7,LHS
5625,1.5445333333333333,7,LHS
5776,1.551246537396122,7,LHS
5929,1.5382020576825772,7,LHS
6084,1.5121630506245891,7,LHS
6241,1.4638679698766224,7,LHS
6400,1.52,7,LHS
6561,1.5046486816034141,7,LHS
6724,1.587150505651398,7,LHS
6889,1.574684279285818,7,LHS
7056,1.5328798185941044,7,LHS
7225,1.4815224913494809,7,LHS
7396,1.6311519740400215,7,LHS
7569,1.551592020081913,7,LHS
7744,1.5971074380165289,7,LHS
7921,1.5856583764676178,7,LHS
8100,1.574320987654321,7,LHS
100,1.44,7,OS
121,1.4545454545454546,7,OS
144,1.7777777777777777,7,OS
169,1.2307692307692308,7,OS
196,1.8775510204081634,7,OS
225,1.7066666666666668,7,OS
256,1.5,7,OS
289,1.6608996539792387,7,OS
324,1.382716049382716,7,OS
361,1.7285318559556786,7,OS
400,1.64,7,OS
441,1.4512471655328798,7,OS
484,1.6198347107438016,7,OS
529,1.5727788279773156,7,OS
576,1.5277777777777777,7,OS
625,1.5616,7,OS
676,1.5384615384615385,7,OS
729,1.4924554183813443,7,OS
784,1.5510204081632653,7,OS
841,1.4839476813317478,7,OS
900,1.511111111111111,7,OS
961,1.5816857440166494,7,OS
1024,1.484375,7,OS
1089,1.4398530762167125,7,OS
1156,1.5501730103806228,7,OS
1225,1.5542857142857143,7,OS
1296,1.5185185185185186,7,OS
1369,1.6245434623813002,7,OS
1444,1.5401662049861495,7,OS
1521,1.5568704799474031,7,OS
1600,1.59,7,OS
1681,1.5419393218322428,7,OS
1764,1.4603174603174602,7,OS
1849,1.5056787452677123,7,OS
1936,1.5454545454545454,7,OS
2025,1.5565432098765433,7,OS
2116,1.5349716446124764,7,OS
2209,1.5572657311000453,7,OS
2304,1.5208333333333333,7,OS
2401,1.5326947105372761,7,OS
2500,1.5104,7,OS
2601,1.5501730103806228,7,OS
2704,1.544378698224852,7,OS
2809,1.5037379850480599,7,OS
2916,1.5528120713305897,7,OS
3025,1.5391735537190083,7,OS
3136,1.5510204081632653,7,OS
3249,1.5561711295783318,7,OS
3364,1.5885850178359096,7,OS
3481,1.5259982763573685,7,OS
3600,1.5466666666666666,7,OS
3721,1.5264713786616502,7,OS
3844,1.5483870967741935,7,OS
3969,1.5681531872008063,7,OS
4096,1.5390625,7,OS
4225,1.5602366863905326,7,OS
4356,1.5426997245179064,7,OS
4489,1.5361995990198263,7,OS
4624,1.5536332179930796,7,OS
4761,1.5425330812854443,7,OS
4900,1.5510204081632653,7,OS
5041,1.5362031342987503,7,OS
5184,1.5432098765432098,7,OS
5329,1.5612685306811784,7,OS
5476,1.5514974433893354,7,OS
5625,1.5445333333333333,7,OS
5776,1.548476454293629,7,OS
5929,1.5301062573789848,7,OS
6084,1.5410913872452334,7,OS
6241,1.54846979650697,7,OS
6400,1.5625,7,OS
6561,1.5534217344916934,7,OS
6724,1.5419393218322428,7,OS
6889,1.5514588474379445,7,OS
7056,1.5532879818594105,7,OS
7225,1.530242214532872,7,OS
7396,1.5532720389399675,7,OS
7569,1.5537059056678557,7,OS
7744,1.5516528925619835,7,OS
7921,1.5331397550814292,7,OS
8100,1.5446913580246913,7,OS
100,1.44,8,MC
121,1.4545454545454546,8,MC
144,1.5555555555555556,8,MC
169,1.9881656804733727,8,MC
196,1.469387755102041,8,MC
225,1.7777777777777777,8,MC
256,1.875,8,MC
289,1.6055363321799307,8,MC
324,2.0246913580246915,8,MC
361,1.5955678670360112,8,MC
400,1.2,8,MC
441,1.2698412698412698,8,MC
484,1.6859504132231404,8,MC
529,1.3005671077504726,8,MC
576,1.8055555555555556,8,MC
625,1.4592,8,MC
676,1.6331360946745561,8,MC
729,1.887517146776406,8,MC
784,1.3877551020408163,8,MC
841,1.6932223543400713,8,MC
900,1.7777777777777777,8,MC
961,1.4651404786680542,8,MC
1024,1.53125,8,MC
1089,1.3076216712580349,8,MC
1156,1.3840830449826989,8,MC
1225,1.619591836734694,8,MC
1296,1.5308641975308641,8,MC
1369,1.6712929145361577,8,MC
1444,1.5290858725761773,8,MC
1521,1.346482577251808,8,MC
1600,1.49,8,MC
1681,1.7132659131469363,8,MC
1764,1.5963718820861679,8,MC
1849,1.531638723634397,8,MC
1936,1.6363636363636365,8,MC
2025,1.588148148148148,8,MC
2116,1.4291115311909264,8,MC
2209,1.6731552738795836,8,MC
2304,1.5486111111111112,8,MC
2401,1.472719700124948,8,MC
2500,1.376,8,MC
2601,1.3594771241830066,8,MC
2704,1.5976331360946745,8,MC
2809,1.6518333926664293,8,MC
2916,1.4814814814814814,8,MC
3025,1.433388429752066,8,MC
3136,1.5918367346938775,8,MC
3249,1.600492459218221,8,MC
3364,1.488703923900119,8,MC
3481,1.4662453318012065,8,MC
3600,1.5644444444444445,8,MC
3721,1.4920720236495566,8,MC
3844,1.481789802289282,8,MC
3969,1.5802469135802468,8,MC
4096,1.53125,8,MC
4225,1.4125443786982248,8,MC
4356,1.5684113865932048,8,MC
4489,1.5468924036533749,8,MC
4624,1.5155709342560553,8,MC
4761,1.465238395295106,8,MC
4900,1.449795918367347,8,MC
5041,1.529855187462805,8,MC
5184,1.5185185185185186,8,MC
5329,1.4411709513980109,8,MC
5476,1.5427319211102994,8,MC
5625,1.5217777777777777,8,MC
5776,1.5706371191135735,8,MC
5929,1.6191600607185024,8,MC
6084,1.5358316896778434,8,MC
6241,1.5253965710623298,8,MC
6400,1.5825,8,MC
6561,1.5851242188690748,8,MC
6724,1.6061867935752527,8,MC
6889,1.4655247496008128,8,MC
7056,1.6598639455782314,8,MC
7225,1.552387543252595,8,MC
7396,1.568415359653867,8,MC
7569,1.47760602457392,8,MC
7744,1.6384297520661157,8,MC
7921,1.5432394899633886,8,MC
8100,1.511111111111111,8,MC
100,0.96,8,LHS
121,1.8512396694214877,8,LHS
144,1.0,8,LHS
169,1.6094674556213018,8,LHS
196,1.469387755102041,8,LHS
225,1.7777777777777777,8,LHS
256,1.5,8,LHS
289,1.273356401384083,8,LHS
324,1.4320987654320987,8,LHS
361,1.6842105263157894,8,LHS
400,1.64,8,LHS
441,1.4149659863945578,8,LHS
484,1.6859504132231404,8,LHS
529,1.5122873345935728,8,LHS
576,1.6666666666666667,8,LHS
625,1.6896,8,LHS
676,1.467455621301775,8,LHS
729,1.5582990397805212,8,LHS
784,1.836734693877551,8,LHS
841,1.7312722948870392,8,LHS
900,1.3155555555555556,8,LHS
961,1.5317377731529656,8,LHS
1024,1.703125,8,LHS
1089,1.5573921028466482,8,LHS
1156,1.5778546712802768,8,LHS
1225,1.593469387755102,8,LHS
1296,1.6419753086419753,8,LHS
1369,1.3440467494521549,8,LHS
1444,1.4847645429362881,8,LHS
1521,1.5253122945430637,8,LHS
1600,1.53,8,LHS
1681,1.5133848899464604,8,LHS
1764,1.5963718820861679,8,LHS
1849,1.5835586803677664,8,LHS
1936,1.3636363636363635,8,LHS
2025,1.5565432098765433,8,LHS
2116,1.444234404536862,8,LHS
2209,1.4051607062019014,8,LHS
2304,1.6319444444444444,8,LHS
2401,1.5993336109954186,8,LHS
2500,1.6192,8,LHS
2601,1.562475970780469,8,LHS
2704,1.3846153846153846,8,LHS
2809,1.4581701673193308,8,LHS
2916,1.5473251028806585,8,LHS
3025,1.6079338842975206,8,LHS
3136,1.5204081632653061,8,LHS
3249,1.5758694983071715,8,LHS
3364,1.4649227110582639,8,LHS
3481,1.4524561907497846,8,LHS
3600,1.52,8,LHS
3721,1.5479709755442086,8,LHS
3844,1.6690946930280957,8,LHS
3969,1.6286218190980095,8,LHS
4096,1.53125,8,LHS
4225,1.605680473372781,8,LHS
4356,1.5573921028466482,8,LHS
4489,1.5504566718645578,8,LHS
4624,1.6885813148788926,8,LHS
4761,1.4921235034656586,8,LHS
4900,1.5020408163265306,8,LHS
5041,1.5520730013886133,8,LHS
5184,1.4475308641975309,8,LHS
5329,1.618314880840683,8,LHS
5476,1.633308984660336,8,LHS
5625,1.5217777777777777,8,LHS
5776,1.592797783933518,8,LHS
5929,1.5139146567717996,8,LHS
6084,1.559500328731098,8,LHS
6241,1.4971959621855473,8,LHS
6400,1.4825,8,LHS
6561,1.5997561347355587,8,LHS
6724,1.4586555621653778,8,LHS
6889,1.6048773406880534,8,LHS
7056,1.598639455782313,8,LHS
7225,1.5413148788927336,8,LHS
7396,1.5597620335316387,8,LHS
7569,1.521997621878716,8,LHS
7744,1.5454545454545454,8,LHS
7921,1.6058578462315365,8,LHS
8100,1.5348148148148149,8,LHS
100,1.6,8,OS
121,1.4545454545454546,8,OS
144,1.4444444444444444,8,OS
169,1.4201183431952662,8,OS
196,1.3877551020408163,8,OS
225,1.7066666666666668,8,OS
256,1.6875,8,OS
289,1.7162629757785468,8,OS
324,1.6296296296296295,8,OS
361,1.551246537396122,8,OS
400,1.4,8,OS
441,1.5963718820861679,8,OS
484,1.5206611570247934,8,OS
529,1.4820415879017013,8,OS
576,1.6388888888888888,8,OS
625,1.6384,8,OS
676,1.7041420118343196,8,OS
729,1.4046639231824416,8,OS
784,1.5918367346938775,8,OS
841,1.5600475624256838,8,OS
900,1.6355555555555557,8,OS
961,1.5650364203954215,8,OS
1024,1.53125,8,OS
1089,1.4986225895316805,8,OS
1156,1.5778546712802768,8,OS
1225,1.5673469387755101,8,OS
1296,1.5185185185185186,8,OS
1369,1.6362308254200146,8,OS
1444,1.5734072022160666,8,OS
1521,1.5042735042735043,8,OS
1600,1.59,8,OS
1681,1.5324211778703154,8,OS
1764,1.5056689342403629,8,OS
1849,1.5143320713899404,8,OS
1936,1.5950413223140496,8,OS
2025,1.4933333333333334,8,OS
2116,1.55765595463138,8,OS
2209,1.5717519239474875,8,OS
2304,1.5694444444444444,8,OS
2401,1.5326947105372761,8,OS
2500,1.5488,8,OS
2601,1.5501730103806228,8,OS
2704,1.5621301775147929,8,OS
2809,1.5436098255606978,8,OS
2916,1.5528120713305897,8,OS
3025,1.5233057851239669,8,OS
3136,1.5561224489795917,8,OS
3249,1.5364727608494921,8,OS
3364,1.5172413793103448,8,OS
3481,1.5535765584602126,8,OS
3600,1.5244444444444445,8,OS
3721,1.5264713786616502,8,OS
3844,1.5400624349635796,8,OS
3969,1.5318720080624844,8,OS
4096,1.5625,8,OS
4225,1.567810650887574,8,OS
4356,1.5537190082644627,8,OS
4489,1.5183782579639118,8,OS
4624,1.5397923875432526,8,OS
4761,1.5526149968494014,8,OS
4900,1.5281632653061223,8,OS
5041,1.555246974806586,8,OS
5184,1.5617283950617284,8,OS
5329,1.5402514543066241,8,OS
5476,1.5368882395909422,8,OS
5625,1.5644444444444445,8,OS
5776,1.5373961218836565,8,OS
5929,1.5301062573789848,8,OS
6084,1.5358316896778434,8,OS
6241,1.5561608716551836,8,OS
6400,1.5425,8,OS
6561,1.5534217344916934,8,OS
6724,1.5681142177275431,8,OS
6889,1.5514588474379445,8,OS
7056,1.5351473922902494,8,OS
7225,1.5634602076124569,8,OS
7396,1.5100054083288263,8,OS
7569,1.5177698507068305,8,OS
7744,1.5392561983471074,8,OS
7921,1.5573791187981316,8,OS
8100,1.5506172839506174,8,OS
100,1.6,9,MC
121,1.71900826446281,9,MC
144,1.8888888888888888,9,MC
169,1.9881656804733727,9,MC
196,1.3061224489795917,9,MC
225,1.5644444444444445,9,MC
256,1.25,9,MC
289,1.7162629757785468,9,MC
324,1.728395061728395,9,MC
361,1.8614958448753463,9,MC
400,1.44,9,MC
441,1.7052154195011338,9,MC
484,1.7520661157024793,9,MC
529,1.391304347826087,9,MC
576,1.3055555555555556,9,MC
625,1.3824,9,MC
676,1.7988165680473374,9,MC
729,1.6680384087791496,9,MC
784,1.6938775510204083,9,MC
841,1.502972651605232,9,MC
900,1.6177777777777778,9,MC
961,1.5150884495317378,9,MC
1024,1.71875,9,MC
1089,1.5133149678604223,9,MC
1156,1.42560553633218,9,MC
1225,1.4889795918367348,9,MC
1296,1.5679012345679013,9,MC
1369,1.4842951059167275,9,MC
1444,1.5623268698060941,9,MC
1521,1.7146614069690993,9,MC
1600,1.45,9,MC
1681,1.6371207614515169,9,MC
1764,1.469387755102041,9,MC
1849,1.5229853975121688,9,MC
1936,1.628099173553719,9,MC
2025,1.5407407407407407,9,MC
2116,1.5727788279773156,9,MC
2209,1.5282933454051606,9,MC
2304,1.625,9,MC
2401,1.5726780508121616,9,MC
2500,1.5168,9,MC
2601,1.6978085351787775,9,MC
2704,1.5562130177514792,9,MC
2809,1.560697757208971,9,MC
2916,1.635116598079561,9,MC
3025,1.5550413223140496,9,MC
3136,1.6020408163265305,9,MC
3249,1.4970760233918128,9,MC
3364,1.4316290130796672,9,MC
3481,1.5719620798621086,9,MC
3600,1.6666666666666667,9,MC
3721,1.543671056167697,9,MC
3844,1.6024973985431843,9,MC
3969,1.4996220710506425,9,MC
4096,1.40625,9,MC
4225,1.5223668639053254,9,MC
4356,1.5684113865932048,9,MC
4489,1.6538204499888616,9,MC
4624,1.5155709342560553,9,MC
4761,1.6366309598823776,9,MC
4900,1.5053061224489797,9,MC
5041,1.5774647887323943,9,MC
5184,1.6481481481481481,9,MC
5329,1.5282416963783074,9,MC
5476,1.60409057706355,9,MC
5625,1.4762666666666666,9,MC
5776,1.5096952908587258,9,MC
5929,1.5570922583909597,9,MC
6084,1.5121630506245891,9,MC
6241,1.4997596539016183,9,MC
6400,1.495,9,MC
6561,1.5851242188690748,9,MC
6724,1.4776918500892327,9,MC
6889,1.560749020177094,9,MC
7056,1.469387755102041,9,MC
7225,1.5435294117647058,9,MC
7396,1.3910221741481883,9,MC
7569,1.583300303871053,9,MC
7744,1.5454545454545454,9,MC
7921,1.4846610276480243,9,MC
8100,1.5012345679012347,9,MC
100,1.6,9,LHS
121,1.0578512396694215,9,LHS
144,1.3333333333333333,9,LHS
169,1.3254437869822486,9,LHS
196,1.2244897959183674,9,LHS
225,1.4933333333333334,9,LHS
256,1.375,9,LHS
289,1.1072664359861593,9,LHS
324,1.3333333333333333,9,LHS
361,1.7728531855955678,9,LHS
400,1.28,9,LHS
441,1.560090702947846,9,LHS
484,1.6859504132231404,9,LHS
529,1.5425330812854443,9,LHS
576,1.4166666666666667,9,LHS
625,1.5616,9,LHS
676,1.4437869822485208,9,LHS
729,1.4705075445816187,9,LHS
784,1.469387755102041,9,LHS
841,1.4649227110582639,9,LHS
900,1.5466666666666666,9,LHS
961,1.5483870967741935,9,LHS
1024,1.578125,9,LHS
1089,1.4545454545454546,9,LHS
1156,1.508650519031142,9,LHS
1225,1.5673469387755101,9,LHS
1296,1.5679012345679013,9,LHS
1369,1.5076698319941564,9,LHS
1444,1.551246537396122,9,LHS
1521,1.4621959237343853,9,LHS
1600,1.58,9,LHS
1681,1.6751933372992267,9,LHS
1764,1.4603174603174602,9,LHS
1849,1.5056787452677123,9,LHS
1936,1.628099173553719,9,LHS
2025,1.6434567901234567,9,LHS
2116,1.55765595463138,9,LHS
2209,1.5789950203712086,9,LHS
2304,1.5347222222222223,9,LHS
2401,1.472719700124948,9,LHS
2500,1.5872,9,LHS
2601,1.5194156093810074,9,LHS
2704,1.5739644970414202,9,LHS
2809,1.55500177999288,9,LHS
2916,1.6296296296296295,9,LHS
3025,1.5814876033057852,9,LHS
3136,1.530612244897959,9,LHS
3249,1.428131732840874,9,LHS
3364,1.6218787158145065,9,LHS
3481,1.5949439816144786,9,LHS
3600,1.5333333333333334,9,LHS
3721,1.5178715399086267,9,LHS
3844,1.485952133194589,9,LHS
3969,1.5762156714537667,9,LHS
4096,1.51953125,9,LHS
4225,1.6435502958579882,9,LHS
4356,1.5500459136822773,9,LHS
4489,1.5540209400757408,9,LHS
4624,1.532871972318339,9,LHS
4761,1.5492543583280822,9,LHS
4900,1.4661224489795919,9,LHS
5041,1.606030549494148,9,LHS
5184,1.537037037037037,9,LHS
5329,1.5012197410395947,9,LHS
5476,1.5339663988312637,9,LHS
5625,1.6241777777777777,9,LHS
5776,1.5235457063711912,9,LHS
5929,1.5732838589981446,9,LHS
6084,1.4963839579224194,9,LHS
6241,1.5407787213587567,9,LHS
6400,1.54,9,LHS
6561,1.5339125133363816,9,LHS
6724,1.5252825698988697,9,LHS
6889,1.525910872405284,9,LHS
7056,1.6122448979591837,9,LHS
7225,1.5767474048442907,9,LHS
7396,1.5381287182260681,9,LHS
7569,1.564275333597569,9,LHS
7744,1.4834710743801653,9,LHS
7921,1.5270799141522535,9,LHS
8100,1.5407407407407407,9,LHS
100,1.92,9,OS
121,1.8512396694214877,9,OS
144,1.3333333333333333,9,OS
169,1.893491124260355,9,OS
196,1.469387755102041,9,OS
225,1.8488888888888888,9,OS
256,1.625,9,OS
289,1.494809688581315,9,OS
324,1.5802469135802468,9,OS
361,1.373961218836565,9,OS
400,1.64,9,OS
441,1.6326530612244898,9,OS
484,1.5206611570247934,9,OS
529,1.45179584120983,9,OS
576,1.3333333333333333,9,OS
625,1.536,9,OS
676,1.5384615384615385,9,OS
729,1.51440329218107,9,OS
784,1.6122448979591837,9,OS
841,1.5410225921521998,9,OS
900,1.5822222222222222,9,OS
961,1.5150884495317378,9,OS
1024,1.59375,9,OS
1089,1.5426997245179064,9,OS
1156,1.467128027681661,9,OS
1225,1.593469387755102,9,OS
1296,1.5185185185185186,9,OS
1369,1.5544192841490139,9,OS
1444,1.5290858725761773,9,OS
1521,1.472715318869165,9,OS
1600,1.47,9,OS
1681,1.5514574657941702,9,OS
1764,1.6054421768707483,9,OS
1849,1.5489453758788534,9,OS
1936,1.56198347107438,9,OS
2025,1.5802469135802468,9,OS
2116,1.55765595463138,9,OS
2209,1.5572657311000453,9,OS
2304,1.5277777777777777,9,OS
2401,1.4927113702623906,9,OS
2500,1.5232,9,OS
2601,1.5255670895809303,9,OS
2704,1.5266272189349113,9,OS
2809,1.5436098255606978,9,OS
2916,1.541838134430727,9,OS
3025,1.5709090909090908,9,OS
3136,1.5408163265306123,9,OS
3249,1.5660203139427515,9,OS
3364,1.5362663495838287,9,OS
3481,1.5489801781097385,9,OS
3600,1.56,9,OS
3721,1.5307712980381618,9,OS
3844,1.5525494276795004,9,OS
3969,1.5399344923154448,9,OS
4096,1.55859375,9,OS
4225,1.5450887573964498,9,OS
4356,1.5353535353535352,9,OS
4489,1.5504566718645578,9,OS
4624,1.532871972318339,9,OS
4761,1.5425330812854443,9,OS
4900,1.5444897959183674,9,OS
5041,1.5235072406268597,9,OS
5184,1.5617283950617284,9,OS
5329,1.5282416963783074,9,OS
5476,1.5252008765522278,9,OS
5625,1.5473777777777777,9,OS
5776,1.551246537396122,9,OS
5929,1.5382020576825772,9,OS
6084,1.5332018408941486,9,OS
6241,1.5356513379266143,9,OS
6400,1.545,9,OS
6561,1.5363511659807956,9,OS
6724,1.553837001784652,9,OS
6889,1.5839744520249674,9,OS
7056,1.5555555555555556,9,OS
7225,1.5391003460207613,9,OS
7396,1.5446187128177393,9,OS
7569,1.5558197912537983,9,OS
7744,1.5351239669421488,9,OS
7921,1.5593990657745234,9,OS
8100,1.5446913580246913,9,OS
100,1.6,10,MC
121,1.1900826446280992,10,MC
144,1.1111111111111112,10,MC
169,1.3254437869822486,10,MC
196,2.36734693877551,10,MC
225,1.4933333333333334,10,MC
256,1.9375,10,MC
289,1.494809688581315,10,MC
324,1.3333333333333333,10,MC
361,1.6842105263157894,10,MC
400,1.32,10,MC
441,1.1972789115646258,10,MC
484,1.3553719008264462,10,MC
529,1.8147448015122873,10,MC
576,1.5277777777777777,10,MC
625,1.6896,10,MC
676,1.4911242603550297,10,MC
729,1.5582990397805212,10,MC
784,1.5918367346938775,10,MC
841,1.5600475624256838,10,MC
900,1.7777777777777777,10,MC
961,1.2320499479708638,10,MC
1024,1.40625,10,MC
1089,1.601469237832874,10,MC
1156,1.439446366782007,10,MC
1225,1.619591836734694,10,MC
1296,1.5802469135802468,10,MC
1369,1.4609203798392987,10,MC
1444,1.706371191135734,10,MC
1521,1.7777777777777777,10,MC
1600,1.57,10,MC
1681,1.4753123140987507,10,MC
1764,1.6054421768707483,10,MC
1849,1.652785289345592,10,MC
1936,1.4049586776859504,10,MC
2025,1.722469135802469,10,MC
2116,1.6786389413988658,10,MC
2209,1.4558623811679492,10,MC
2304,1.5347222222222223,10,MC
2401,1.5193669304456476,10,MC
2500,1.5488,10,MC
2601,1.2549019607843137,10,MC
2704,1.6449704142011834,10,MC
2809,1.55500177999288,10,MC
2916,1.5637860082304527,10,MC
3025,1.3064462809917354,10,MC
3136,1.4948979591836735,10,MC
3249,1.6448137888581102,10,MC
3364,1.5505350772889417,10,MC
3481,1.5903476012640045,10,MC
3600,1.5777777777777777,10,MC
3721,1.5221714592851383,10,MC
3844,1.5983350676378771,10,MC
3969,1.5802469135802468,10,MC
4096,1.5234375,10,MC
4225,1.3784615384615384,10,MC
4356,1.5243342516069789,10,MC
4489,1.5148139897527289,10,MC
4624,1.5674740484429066,10,MC
4761,1.5761394664986348,10,MC
4900,1.619591836734694,10,MC
5041,1.3838524102360643,10,MC
5184,1.5524691358024691,10,MC
5329,1.5192343779320698,10,MC
5476,1.5427319211102994,10,MC
5625,1.6014222222222223,10,MC
5776,1.4903047091412742,10,MC
5929,1.4815314555574295,10,MC
6084,1.5779092702169626,10,MC
6241,1.602307322544464,10,MC
6400,1.58,10,MC
6561,1.5997561347355587,10,MC
6724,1.5181439619274242,10,MC
6889,1.4887501814486863,10,MC
7056,1.5351473922902494,10,MC
7225,1.5324567474048443,10,MC
7396,1.6138453217955653,10,MC
7569,1.5685031047694544,10,MC
7744,1.572314049586777,10,MC
7921,1.5432394899633886,10,MC
8100,1.5565432098765433,10,MC
100,1.28,10,LHS
121,1.8512396694214877,10,LHS
144,1.3333333333333333,10,LHS
169,1.893491124260355,10,LHS
196,1.7142857142857142,10,LHS
225,1.6355555555555557,10,LHS
256,1.5,10,LHS
289,1.8269896193771626,10,LHS
324,1.2345679012345678,10,LHS
361,1.373961218836565,10,LHS
400,1.52,10,LHS
441,1.2335600907029478,10,LHS
484,1.3884297520661157,10,LHS
529,1.5122873345935728,10,LHS
576,1.5277777777777777,10,LHS
625,1.4336,10,LHS
676,1.7041420118343196,10,LHS
729,1.7119341563786008,10,LHS
784,1.3265306122448979,10,LHS
841,1.5600475624256838,10,LHS
900,1.3866666666666667,10,LHS
961,1.6482830385015608,10,LHS
1024,1.375,10,LHS
1089,1.5720844811753902,10,LHS
1156,1.467128027681661,10,LHS
1225,1.5151020408163265,10,LHS
1296,1.4691358024691359,10,LHS
1369,1.6829802775748721,10,LHS
1444,1.373961218836565,10,LHS
1521,1.6305062458908612,10,LHS
1600,1.43,10,LHS
1681,1.4943486020226056,10,LHS
1764,1.4784580498866213,10,LHS
1849,1.6354786371011358,10,LHS
1936,1.56198347107438,10,LHS
2025,1.382716049382716,10,LHS
2116,1.5954631379962192,10,LHS
2209,1.6224535989135356,10,LHS
2304,1.5625,10,LHS
2401,1.4394002498958767,10,LHS
2500,1.5808,10,LHS
2601,1.5686274509803921,10,LHS
2704,1.7396449704142012,10,LHS
2809,1.515129939480242,10,LHS
2916,1.5198902606310014,10,LHS
3025,1.4968595041322315,10,LHS
3136,1.5714285714285714,10,LHS
3249,1.6152662357648506,10,LHS
3364,1.5648038049940547,10,LHS
3481,1.5581729388106866,10,LHS
3600,1.551111111111111,10,LHS
3721,1.5866702499328138,10,LHS
3844,1.5733610822060353,10,LHS
3969,1.5963718820861679,10,LHS
4096,1.625,10,LHS
4225,1.4920710059171598,10,LHS
4356,1.5243342516069789,10,LHS
4489,1.5148139897527289,10,LHS
4624,1.588235294117647,10,LHS
4761,1.4887628649443394,10,LHS
4900,1.5379591836734694,10,LHS
5041,1.5679428684784764,10,LHS
5184,1.5123456790123457,10,LHS
5329,1.5012197410395947,10,LHS
5476,1.5719503287070855,10,LHS
5625,1.5274666666666668,10,LHS
5776,1.4903047091412742,10,LHS
5929,1.6245572609208974,10,LHS
6084,1.5673898750821829,10,LHS
6241,1.5177054959141163,10,LHS
6400,1.5225,10,LHS
6561,1.5997561347355587,10,LHS
6724,1.5110053539559787,10,LHS
6889,1.5166206996661344,10,LHS
7056,1.5351473922902494,10,LHS
7225,1.5413148788927336,10,LHS
7396,1.5186587344510547,10,LHS
7569,1.5283392786365437,10,LHS
7744,1.5144628099173554,10,LHS
7921,1.535159702057821,10,LHS
8100,1.5585185185185184,10,LHS
100,1.76,10,OS
121,1.71900826446281,10,OS
144,1.6666666666666667,10,OS
169,1.136094674556213,10,OS
196,1.6326530612244898,10,OS
225,1.4933333333333334,10,OS
256,1.9375,10,OS
289,1.494809688581315,10,OS
324,1.5802469135802468,10,OS
361,1.4626038781163435,10,OS
400,1.44,10,OS
441,1.5238095238095237,10,OS
484,1.6859504132231404,10,OS
529,1.5727788279773156,10,OS
576,1.6388888888888888,10,OS
625,1.536,10,OS
676,1.467455621301775,10,OS
729,1.5802469135802468,10,OS
784,1.510204081632653,10,OS
841,1.5600475624256838,10,OS
900,1.4577777777777778,10,OS
961,1.4984391259105099,10,OS
1024,1.46875,10,OS
1089,1.5280073461891643,10,OS
1156,1.5363321799307958,10,OS
1225,1.4889795918367348,10,OS
1296,1.5925925925925926,10,OS
1369,1.531044558071585,10,OS
1444,1.5623268698060941,10,OS
1521,1.598948060486522,10,OS
1600,1.55,10,OS
1681,1.5419393218322428,10,OS
1764,1.4875283446712018,10,OS
1849,1.5229853975121688,10,OS
1936,1.5702479338842976,10,OS
2025,1.5328395061728395,10,OS
2116,1.5727788279773156,10,OS
2209,1.5065640561339972,10,OS
2304,1.5555555555555556,10,OS
2401,1.5393586005830904,10,OS
2500,1.5808,10,OS
2601,1.5809304113802383,10,OS
2704,1.5502958579881656,10,OS
2809,1.5322178711285155,10,OS
2916,1.5637860082304527,10,OS
3025,1.5391735537190083,10,OS
3136,1.5459183673469388,10,OS
3249,1.5216989843028623,10,OS
3364,1.5790725326991677,10,OS
3481,1.5259982763573685,10,OS
3600,1.56,10,OS
3721,1.539371136791185,10,OS
3844,1.5525494276795004,10,OS
3969,1.5439657344419249,10,OS
4096,1.58984375,10,OS
4225,1.541301775147929,10,OS
4356,1.5610651974288339,10,OS
4489,1.5504566718645578,10,OS
4624,1.5501730103806228,10,OS
4761,1.5526149968494014,10,OS
4900,1.5771428571428572,10,OS
5041,1.5362031342987503,10,OS
5184,1.5555555555555556,10,OS
5329,1.537249014824545,10,OS
5476,1.5485756026296567,10,OS
5625,1.555911111111111,10,OS
5776,1.5457063711911356,10,OS
5929,1.5462978579861697,10,OS
6084,1.5568704799474031,10,OS
6241,1.54846979650697,10,OS
6400,1.5575,10,OS
6561,1.5461057765584514,10,OS
6724,1.5490779298036883,10,OS
6889,1.5700391929162434,10,OS
7056,1.5419501133786848,10,OS
7225,1.5656747404844291,10,OS
7396,1.5359653866955112,10,OS
7569,1.5262253930506011,10,OS
7744,1.5495867768595042,10,OS
7921,1.5210200732230779,10,OS
8100,1.554567901234568,10,OS
