ite,cost,cooling schedule,repetition
1,35587.67394559477,log,15
1000,18121.970758785737,log,15
2000,14291.234176949594,log,15
3000,11260.717111293705,log,15
4000,10080.92911692507,log,15
5000,9047.856189059674,log,15
6000,8306.318817846688,log,15
7000,8090.5213420245045,log,15
8000,7599.489452883087,log,15
9000,7231.2201470006,log,15
10000,7043.032885769893,log,15
11000,6328.21914175004,log,15
12000,6424.614043440931,log,15
13000,6192.044130514653,log,15
14000,5796.98314729313,log,15
15000,5421.0378197643595,log,15
16000,5594.529436857175,log,15
17000,5294.903327390503,log,15
18000,5179.487840359685,log,15
19000,5233.94971383703,log,15
20000,5209.432298705856,log,15
21000,4990.920393286681,log,15
22000,4754.412071698638,log,15
23000,4649.067693184738,log,15
24000,4706.112019188342,log,15
25000,4744.05875616169,log,15
26000,4530.279544485247,log,15
27000,4528.9438850894585,log,15
28000,4315.17026766791,log,15
29000,4554.127602411621,log,15
30000,4428.483991556189,log,15
31000,4685.92344773931,log,15
32000,4136.435010158915,log,15
33000,4255.841317139051,log,15
34000,4370.97621908401,log,15
35000,4285.062502669649,log,15
36000,4120.47664532546,log,15
37000,4010.535261463795,log,15
38000,4321.977541901854,log,15
39000,3810.7617834130897,log,15
40000,3984.626183246611,log,15
41000,3828.3717440216833,log,15
42000,4084.8958025707448,log,15
43000,3915.411523938851,log,15
44000,3890.744529764158,log,15
45000,4041.6490663423792,log,15
46000,3835.7275820238856,log,15
47000,3878.450886781584,log,15
48000,3951.6075337451143,log,15
49000,3833.9994478897447,log,15
50000,3906.650581137114,log,15
51000,3769.432165228533,log,15
52000,3997.5761713439683,log,15
53000,3616.420866144392,log,15
54000,3757.771155061604,log,15
55000,3754.9267793649233,log,15
56000,3693.6675221325672,log,15
57000,3712.5643030749848,log,15
58000,3555.6636429143246,log,15
59000,3688.8402329846303,log,15
60000,3627.529438371753,log,15
61000,3660.8617858692223,log,15
62000,3559.047375325806,log,15
63000,3549.9907478409505,log,15
64000,3684.463205715151,log,15
65000,3605.66215811912,log,15
66000,3567.4424637857055,log,15
67000,3435.709675767083,log,15
68000,3594.162939133627,log,15
69000,3649.088727756428,log,15
70000,3600.4689443591687,log,15
71000,3459.1311969485932,log,15
72000,3812.1835166742344,log,15
73000,3402.045048337203,log,15
74000,3434.3780859861918,log,15
75000,3526.326441214718,log,15
76000,3377.19604742655,log,15
77000,3523.854438923246,log,15
78000,3458.061665322133,log,15
79000,3440.0401595484673,log,15
80000,3590.0326502887715,log,15
81000,3323.696762994407,log,15
82000,3521.4378761596745,log,15
83000,3406.4368570316296,log,15
84000,3491.938526686385,log,15
85000,3565.685356733863,log,15
86000,3386.0032839262076,log,15
87000,3333.1974853942475,log,15
88000,3515.622726002059,log,15
89000,3536.664856166233,log,15
90000,3273.2801240367703,log,15
91000,3478.3285536270746,log,15
92000,3406.957212283916,log,15
93000,3286.306963924376,log,15
94000,3427.3760974091906,log,15
95000,3514.933730823292,log,15
96000,3292.7901110149546,log,15
97000,3444.7982836305773,log,15
98000,3387.6396367078905,log,15
99000,3309.744414535274,log,15
100000,3376.3150428599165,log,15
101000,3300.673266191675,log,15
102000,3501.575706604116,log,15
103000,3276.8419456405336,log,15
104000,3264.7697384292937,log,15
105000,3335.2098230522197,log,15
106000,3230.322279120984,log,15
107000,3145.0960046609534,log,15
108000,3328.628886463521,log,15
109000,3277.8996648906973,log,15
110000,3496.4196311789606,log,15
111000,3250.7763723955172,log,15
112000,3261.994294056806,log,15
113000,3307.6989490455117,log,15
114000,3249.5079640968333,log,15
115000,3266.260538792473,log,15
116000,3304.8040437137706,log,15
117000,3262.8932954855977,log,15
118000,3150.2072025436087,log,15
119000,3107.627108274172,log,15
120000,3132.0073191998736,log,15
121000,3373.0540891785577,log,15
122000,3272.7596453981287,log,15
123000,3329.417592666608,log,15
124000,3288.137975517579,log,15
125000,3192.318794546809,log,15
126000,3269.3908954240883,log,15
127000,3335.741847397571,log,15
128000,3199.405832737912,log,15
129000,3324.335869431382,log,15
130000,3253.761748853556,log,15
131000,3189.4183433951216,log,15
132000,3185.3738379106558,log,15
133000,3197.21666304029,log,15
134000,3104.306103597478,log,15
135000,3327.9397678835726,log,15
136000,3145.9816297835578,log,15
137000,3173.839883452607,log,15
138000,3241.325325485577,log,15
139000,3255.2467289255687,log,15
140000,3233.8445381089673,log,15
141000,3346.9437009524727,log,15
142000,3273.324154667252,log,15
143000,3237.7321864964083,log,15
144000,3255.9587418612064,log,15
145000,3281.3236327472996,log,15
146000,3292.774886684225,log,15
147000,2990.2323925912365,log,15
148000,3261.287222751072,log,15
149000,3115.4228984964307,log,15
150000,3195.756613667905,log,15
151000,3201.729027936203,log,15
152000,3128.030144771062,log,15
153000,3040.417024346744,log,15
154000,3218.8579158874495,log,15
155000,3148.705966399363,log,15
156000,3291.6479780219274,log,15
157000,3131.282417722732,log,15
158000,3163.252830046201,log,15
159000,3389.023883090465,log,15
160000,3197.506653791251,log,15
161000,3157.1064738798927,log,15
162000,3205.7225407250908,log,15
163000,3199.643978529088,log,15
164000,3170.7899278995465,log,15
165000,3174.6648068811724,log,15
166000,3140.763598093804,log,15
167000,3257.7573523615993,log,15
168000,3182.1342277468293,log,15
169000,3154.806206671619,log,15
170000,3164.544021692998,log,15
171000,3084.4197195836373,log,15
172000,3086.7632827905795,log,15
173000,3330.5297997321086,log,15
174000,3025.5071373480055,log,15
175000,3152.155013227134,log,15
176000,3024.351663494709,log,15
177000,3096.2336817062255,log,15
178000,3147.775493870016,log,15
179000,3070.782172304494,log,15
180000,2951.3770395470483,log,15
181000,3148.712348194452,log,15
182000,3191.7726797824844,log,15
183000,2979.402961787001,log,15
184000,3161.7838838570856,log,15
185000,3245.7691257171127,log,15
186000,3099.3851452122262,log,15
187000,3068.932277251012,log,15
188000,3045.1990493341664,log,15
189000,3081.624532442252,log,15
190000,3000.8096478056223,log,15
191000,3090.877171941126,log,15
192000,3065.0007339287204,log,15
193000,3084.0859452451878,log,15
194000,3088.1203619267426,log,15
195000,2985.1601213493577,log,15
196000,2970.000094035968,log,15
197000,3045.908322701507,log,15
198000,3088.948168775546,log,15
199000,3158.2921093054442,log,15
200000,3079.945764390289,log,15
201000,3065.1639081559524,log,15
202000,2977.694832394062,log,15
203000,3053.685281518233,log,15
204000,3200.848738570764,log,15
205000,3070.5407042282136,log,15
206000,3094.0096594262764,log,15
207000,3061.838596832132,log,15
208000,3188.692953371152,log,15
209000,3030.976693670402,log,15
210000,3128.927567462203,log,15
211000,3112.2802701724218,log,15
212000,3081.036582570621,log,15
213000,3099.794890872586,log,15
214000,3112.4173256747185,log,15
215000,3051.8828630397616,log,15
216000,3127.778129420241,log,15
217000,3130.2320212152326,log,15
218000,3001.499331463702,log,15
219000,3007.5794186177945,log,15
220000,3084.554801492287,log,15
221000,3122.805560098027,log,15
222000,3000.851203265755,log,15
223000,2985.037779818394,log,15
224000,3016.5028713458537,log,15
225000,3085.560677602989,log,15
226000,3086.355984986817,log,15
227000,2923.9717301754467,log,15
228000,3023.372063530766,log,15
229000,3006.222196468764,log,15
230000,2998.3161538396066,log,15
231000,3035.4925129937105,log,15
232000,3064.8899830674372,log,15
233000,2978.8066080103204,log,15
234000,3072.14443584386,log,15
235000,3015.8672537312914,log,15
236000,2954.7415286455175,log,15
237000,3107.408890461213,log,15
238000,3128.2904557139177,log,15
239000,3130.418167510599,log,15
240000,3111.3749724571153,log,15
241000,3071.6575675352433,log,15
242000,3121.7764880268173,log,15
243000,3009.8417445247806,log,15
244000,3004.8143744431627,log,15
245000,3078.450037335235,log,15
246000,2973.3569013822944,log,15
247000,2990.4624344556114,log,15
248000,3062.750031123214,log,15
249000,2920.5711136919845,log,15
250000,2967.7755880934105,log,15
251000,2836.5481730546085,log,15
252000,3172.5969084153508,log,15
253000,3068.3846343112655,log,15
254000,3057.6159468528613,log,15
255000,3030.5157739582205,log,15
256000,3112.177131063654,log,15
257000,2983.638283520934,log,15
258000,3095.4230925401557,log,15
259000,3058.245481713742,log,15
260000,2973.7783664517656,log,15
261000,2956.460779359816,log,15
262000,3119.6988410262807,log,15
263000,3018.0523851331536,log,15
264000,3103.6418805451403,log,15
265000,3068.338937837065,log,15
266000,3094.369650494708,log,15
267000,3036.5362748712796,log,15
268000,3010.2592184346013,log,15
269000,3122.544628506599,log,15
270000,3029.4092439825736,log,15
271000,3023.1542057784773,log,15
272000,3032.376489250655,log,15
273000,2972.7903945709686,log,15
274000,3073.2947812217512,log,15
275000,3048.5539701145603,log,15
276000,3019.8552602791015,log,15
277000,2970.6018552778655,log,15
278000,3006.1957574512808,log,15
279000,3079.6038278813808,log,15
280000,2916.3969475175654,log,15
281000,3058.8978321823424,log,15
282000,2915.8318127252282,log,15
283000,2986.7359406660007,log,15
284000,3009.3797453251836,log,15
285000,3026.8803442637013,log,15
286000,2985.9858350765257,log,15
287000,2995.1490914937904,log,15
288000,2993.4100519248323,log,15
289000,3050.1302578790264,log,15
290000,3059.052272087532,log,15
291000,3070.645065233025,log,15
292000,2935.0459714179606,log,15
293000,3081.9527412014295,log,15
294000,3062.2043355874016,log,15
295000,2947.8078167193185,log,15
296000,3107.9601924745284,log,15
297000,3042.5742904806652,log,15
298000,2957.036456318738,log,15
299000,2968.325963186102,log,15
300000,3049.0808538372407,log,15
301000,3104.156345742179,log,15
302000,2959.648993143361,log,15
303000,3062.2418315096525,log,15
304000,3051.191314552604,log,15
305000,2940.2337681978875,log,15
306000,2949.0614629988545,log,15
307000,2912.8968740608343,log,15
308000,2956.397237469455,log,15
309000,2922.0876746957706,log,15
310000,2971.1811257123923,log,15
311000,3005.936749016864,log,15
312000,2886.8674168011544,log,15
313000,2981.85138988158,log,15
314000,3008.35881173904,log,15
315000,3024.342905628964,log,15
316000,3045.77039502181,log,15
317000,2998.687202152823,log,15
318000,3051.0244149472646,log,15
319000,2996.2493405259966,log,15
320000,3019.218451708043,log,15
321000,3032.650414398093,log,15
322000,3001.443102299346,log,15
323000,2997.0175196018363,log,15
324000,3132.1809110023223,log,15
325000,3005.0405294971624,log,15
326000,2964.7397015555575,log,15
327000,3181.2583556479394,log,15
328000,3022.675801093243,log,15
329000,2992.747225938512,log,15
330000,2954.2143564376724,log,15
331000,2954.770301125492,log,15
332000,2919.3210493467454,log,15
333000,2925.86902653822,log,15
334000,3071.1765478813954,log,15
335000,2934.3703461281902,log,15
336000,3003.105969573537,log,15
337000,3021.320933591191,log,15
338000,2931.93250622781,log,15
339000,3051.9236791164453,log,15
340000,3089.507942721797,log,15
341000,2958.806276032972,log,15
342000,3030.990830936821,log,15
343000,2940.696641736704,log,15
344000,2896.5944290647476,log,15
345000,2964.0783991288013,log,15
346000,2914.552226992732,log,15
347000,2959.8366150930906,log,15
348000,3076.545814823268,log,15
349000,2992.5230827482983,log,15
350000,3080.796482529862,log,15
351000,3047.115677348029,log,15
352000,3062.0026709942686,log,15
353000,3111.027863415461,log,15
354000,3011.20329160667,log,15
355000,2957.839967116672,log,15
356000,3072.992358815723,log,15
357000,2982.449755817529,log,15
358000,2964.8685323016402,log,15
359000,2991.370077237685,log,15
360000,2972.36639623269,log,15
361000,2991.078226343705,log,15
362000,2916.6010484254607,log,15
363000,3008.103509089916,log,15
364000,3062.0826453069435,log,15
365000,3056.053208893346,log,15
366000,2876.228828250454,log,15
367000,2853.7391361702157,log,15
368000,2998.6244879859314,log,15
369000,3058.5271903654,log,15
370000,2894.287297552071,log,15
371000,2964.1151826181667,log,15
372000,2949.6879490902384,log,15
373000,2963.935723758597,log,15
374000,2966.4904398390404,log,15
375000,2841.845748815154,log,15
376000,2945.0331546662974,log,15
377000,2834.6058777240946,log,15
378000,2908.0380163867426,log,15
379000,3019.773049845024,log,15
380000,3079.9468104537805,log,15
381000,2919.733795754385,log,15
382000,2938.5130662089755,log,15
383000,2960.443364983448,log,15
384000,3159.111233486753,log,15
385000,2984.254944753673,log,15
386000,2955.011026491413,log,15
387000,2912.498513744328,log,15
388000,3107.133070880964,log,15
389000,2967.758999229146,log,15
390000,2967.6733071740096,log,15
391000,2919.755373529195,log,15
392000,2943.6198801512073,log,15
393000,2938.7158053601415,log,15
394000,2874.9109846812876,log,15
395000,2916.1839984008107,log,15
396000,2867.610145131621,log,15
397000,3063.123698386844,log,15
398000,3099.0911113956518,log,15
399000,2856.855003080751,log,15
400000,2857.7633075920926,log,15
401000,2928.751044432265,log,15
402000,2953.6798751553424,log,15
403000,2891.5721736127402,log,15
404000,2908.738334499138,log,15
405000,3148.2071788365556,log,15
406000,3054.05998870373,log,15
407000,2838.5779307513903,log,15
408000,2913.059567317011,log,15
409000,2967.089552807196,log,15
410000,3087.848542106061,log,15
411000,2904.2387950456514,log,15
412000,2925.520189848369,log,15
413000,2937.507325606,log,15
414000,2945.8014640914084,log,15
415000,2858.782742545178,log,15
416000,2996.580051306835,log,15
417000,3015.835867175781,log,15
418000,2879.067364171186,log,15
419000,2971.2657368778537,log,15
420000,3020.2016417373493,log,15
421000,2867.7768413985277,log,15
422000,2895.997917718818,log,15
423000,2839.1306640141847,log,15
424000,2990.3226996042563,log,15
425000,2886.671252981403,log,15
426000,2958.1392429653724,log,15
427000,2996.7360479774648,log,15
428000,2777.7523586391403,log,15
429000,2987.411300999361,log,15
430000,2997.032276328054,log,15
431000,2888.3350550142122,log,15
432000,2980.252918575145,log,15
433000,2961.0396593347173,log,15
434000,3024.1055003256793,log,15
435000,3015.356828000822,log,15
436000,2879.892417075491,log,15
437000,3056.835244404526,log,15
438000,2891.8807091405133,log,15
439000,2928.6351400776966,log,15
440000,2935.219812550936,log,15
441000,2955.474264534219,log,15
442000,2854.417740466801,log,15
443000,2901.1430840663434,log,15
444000,2866.655906243144,log,15
445000,2978.550807927054,log,15
446000,3023.113988573652,log,15
447000,3028.087380691772,log,15
448000,2855.157354550923,log,15
449000,2928.2423498587013,log,15
450000,2864.8934455240164,log,15
451000,3018.0457387318147,log,15
452000,3067.553367477771,log,15
453000,2976.9057043790135,log,15
454000,2972.4967386441913,log,15
455000,2899.6437381180067,log,15
456000,2949.382927268676,log,15
457000,2991.1682541285954,log,15
458000,2919.698658969185,log,15
459000,2926.1567055278924,log,15
460000,3049.849556425395,log,15
461000,2986.648794125123,log,15
462000,2898.8536849952598,log,15
463000,2952.404627737299,log,15
464000,2866.4050954823088,log,15
465000,2911.867223203777,log,15
466000,2884.28818524236,log,15
467000,2966.0794358838743,log,15
468000,2923.0465501096483,log,15
469000,2961.2119729539445,log,15
470000,2911.0866852770564,log,15
471000,2891.9467043060927,log,15
472000,2899.5646242333682,log,15
473000,2891.4066111215225,log,15
474000,2791.711261798688,log,15
475000,2916.9137189273824,log,15
476000,3001.6223906499054,log,15
477000,2984.870181362786,log,15
478000,2881.1444115433264,log,15
479000,2852.892515692817,log,15
480000,2970.03028096433,log,15
481000,3000.1725789256147,log,15
482000,2830.4213944121243,log,15
483000,2856.0107615423603,log,15
484000,2914.4211307805076,log,15
485000,2978.9776647923095,log,15
486000,2999.80666600958,log,15
487000,2939.7929689953653,log,15
488000,2886.08709915546,log,15
489000,3002.030929437891,log,15
490000,2953.0931326707932,log,15
491000,2940.475325612348,log,15
492000,2903.80467454916,log,15
493000,2933.9048084879455,log,15
494000,2900.588094451892,log,15
495000,2883.6323540791577,log,15
496000,2910.1138336066397,log,15
497000,2867.805831620425,log,15
498000,2953.74708221717,log,15
499000,2948.1767547578365,log,15
500000,2964.19357898482,log,15
1,35532.84456026593,fast,15
1000,18422.699967468216,fast,15
2000,14217.46006694928,fast,15
3000,12359.838663675506,fast,15
4000,10093.681552003036,fast,15
5000,8740.17339939425,fast,15
6000,8474.308585897965,fast,15
7000,8068.289212184378,fast,15
8000,7576.423323039418,fast,15
9000,6996.651630606226,fast,15
10000,6707.1705053752485,fast,15
11000,6164.564184909506,fast,15
12000,6350.5212412975,fast,15
13000,5823.734909601502,fast,15
14000,5624.036410789562,fast,15
15000,5198.518819512352,fast,15
16000,5558.622460309036,fast,15
17000,4976.040571589624,fast,15
18000,5221.374267962314,fast,15
19000,5069.524961102055,fast,15
20000,4800.277065034153,fast,15
21000,4860.339895311754,fast,15
22000,4452.403511823026,fast,15
23000,4404.863436136439,fast,15
24000,4348.715890386266,fast,15
25000,4431.067577663074,fast,15
26000,4095.5935532741782,fast,15
27000,4565.81338352564,fast,15
28000,4154.11492343328,fast,15
29000,4207.217185551674,fast,15
30000,4437.705875741748,fast,15
31000,3835.6195247923533,fast,15
32000,4298.106425413201,fast,15
33000,4082.180962874827,fast,15
34000,3813.1023749281567,fast,15
35000,4005.4538023080754,fast,15
36000,3825.5916610754525,fast,15
37000,3814.5147877455797,fast,15
38000,3826.3915841462394,fast,15
39000,3928.31788732162,fast,15
40000,3799.2744424694806,fast,15
41000,3833.3907806200655,fast,15
42000,3561.8726578874853,fast,15
43000,3751.5915924754468,fast,15
44000,3810.305029416536,fast,15
45000,3544.3653699054885,fast,15
46000,3626.161948688334,fast,15
47000,3776.0840433392796,fast,15
48000,3599.792174371727,fast,15
49000,3500.1917080282883,fast,15
50000,3444.2294520237597,fast,15
51000,3517.3553537342978,fast,15
52000,3514.477568061667,fast,15
53000,3641.439925357906,fast,15
54000,3566.5611170155976,fast,15
55000,3353.225508871692,fast,15
56000,3415.040713767155,fast,15
57000,3468.2210828325397,fast,15
58000,3341.1540874610428,fast,15
59000,3483.4712180529655,fast,15
60000,3402.165063259682,fast,15
61000,3525.6900567098864,fast,15
62000,3180.447205225166,fast,15
63000,3584.4097416421655,fast,15
64000,3276.16183621001,fast,15
65000,3390.2908069006685,fast,15
66000,3373.6316114414803,fast,15
67000,3218.2980829999633,fast,15
68000,3149.461205870648,fast,15
69000,3190.2659841204854,fast,15
70000,3350.5279297350257,fast,15
71000,3269.951056850095,fast,15
72000,3075.94952885345,fast,15
73000,3167.8801040719045,fast,15
74000,3208.051872897281,fast,15
75000,3321.3730656918215,fast,15
76000,3161.9514245906935,fast,15
77000,3205.6988863523543,fast,15
78000,3152.5208024780154,fast,15
79000,3207.5961906253333,fast,15
80000,3176.3600883032223,fast,15
81000,2998.370760237822,fast,15
82000,3190.1150745116825,fast,15
83000,3111.9176646629676,fast,15
84000,3165.448980437641,fast,15
85000,3270.9165747522343,fast,15
86000,3334.443088899845,fast,15
87000,3121.433244057278,fast,15
88000,3124.4949924942557,fast,15
89000,3143.2900503198284,fast,15
90000,3066.5923535164698,fast,15
91000,3088.409555821608,fast,15
92000,3120.738630996881,fast,15
93000,3047.72350224502,fast,15
94000,3146.9421887636777,fast,15
95000,3130.6719889653295,fast,15
96000,3148.8620273529186,fast,15
97000,2995.783987990661,fast,15
98000,3061.955612467024,fast,15
99000,3039.854812126357,fast,15
100000,3163.971813633277,fast,15
101000,3088.9580718399206,fast,15
102000,3093.5829788446813,fast,15
103000,3012.984872402365,fast,15
104000,3129.5498618877104,fast,15
105000,3070.1476997687078,fast,15
106000,2952.482370503459,fast,15
107000,3128.3758243517896,fast,15
108000,2926.8247413654353,fast,15
109000,3020.9489697215636,fast,15
110000,2998.024021733548,fast,15
111000,3057.221856825024,fast,15
112000,3125.6404943521857,fast,15
113000,3070.123168049293,fast,15
114000,3008.903237726618,fast,15
115000,3028.1822279901603,fast,15
116000,2884.0190776018253,fast,15
117000,2941.3397191878366,fast,15
118000,3118.5809719622266,fast,15
119000,2945.9450978085124,fast,15
120000,2976.314090049744,fast,15
121000,2973.159011585712,fast,15
122000,2892.150648380509,fast,15
123000,3031.8664176595867,fast,15
124000,3014.5093070453886,fast,15
125000,3178.865417664332,fast,15
126000,3018.2259218923327,fast,15
127000,3013.8197735137223,fast,15
128000,2976.376141810118,fast,15
129000,2962.2004727385593,fast,15
130000,2976.089653430059,fast,15
131000,3016.90847104536,fast,15
132000,2969.0430059259843,fast,15
133000,2945.9785537559164,fast,15
134000,2825.224516642963,fast,15
135000,3036.0363349460004,fast,15
136000,3054.541219778602,fast,15
137000,2981.225439765514,fast,15
138000,2922.054358923353,fast,15
139000,3017.468824633028,fast,15
140000,2988.441050266313,fast,15
141000,3035.1828498245172,fast,15
142000,2929.1399219171194,fast,15
143000,2871.4697603375544,fast,15
144000,2885.591230569503,fast,15
145000,2926.4916980953685,fast,15
146000,3028.783883929441,fast,15
147000,2881.545226551518,fast,15
148000,3046.4533514739146,fast,15
149000,2999.747292852365,fast,15
150000,2918.190179234786,fast,15
151000,2924.100594514114,fast,15
152000,2915.340704602745,fast,15
153000,3004.562591746158,fast,15
154000,2916.0833089261396,fast,15
155000,2926.9191235035178,fast,15
156000,2983.279305303655,fast,15
157000,2975.9382678313095,fast,15
158000,2895.3141469221537,fast,15
159000,3023.606655545996,fast,15
160000,2845.440402084805,fast,15
161000,2884.4568350164136,fast,15
162000,2889.7810436368213,fast,15
163000,2944.233338522297,fast,15
164000,2854.5572307458824,fast,15
165000,2994.3332376850617,fast,15
166000,2946.857542686466,fast,15
167000,2938.8716330000952,fast,15
168000,2909.1323781797864,fast,15
169000,2894.938168935688,fast,15
170000,2925.2929515694686,fast,15
171000,2821.5222293530487,fast,15
172000,2833.276679184493,fast,15
173000,2901.3864495821867,fast,15
174000,2883.215737777695,fast,15
175000,2954.2978967014487,fast,15
176000,2843.893229440521,fast,15
177000,2873.8917330161867,fast,15
178000,2996.607424377003,fast,15
179000,2934.491408936801,fast,15
180000,2933.878284924173,fast,15
181000,2898.4202880704047,fast,15
182000,2899.24878222768,fast,15
183000,2968.8341309723037,fast,15
184000,2926.761448306834,fast,15
185000,3026.20912062721,fast,15
186000,2952.606930737211,fast,15
187000,2944.2312800021828,fast,15
188000,2866.2826643193757,fast,15
189000,2907.1204972253945,fast,15
190000,2884.903695740434,fast,15
191000,2906.170534043977,fast,15
192000,2950.176141603829,fast,15
193000,2921.8760888097454,fast,15
194000,2919.515804321512,fast,15
195000,2891.1981471882823,fast,15
196000,3019.6906510793665,fast,15
197000,2808.318231218152,fast,15
198000,2813.428310174439,fast,15
199000,2941.3044783506148,fast,15
200000,2843.8815509593373,fast,15
201000,2928.8876126472396,fast,15
202000,3000.9461202923294,fast,15
203000,2908.0642952853764,fast,15
204000,2793.1835151777086,fast,15
205000,2832.244799089678,fast,15
206000,2914.8311119070086,fast,15
207000,2911.1489651137563,fast,15
208000,2927.042480680011,fast,15
209000,2904.0701677765255,fast,15
210000,2924.7704355569026,fast,15
211000,3005.3180607631516,fast,15
212000,2861.8146723864083,fast,15
213000,2952.7408969589496,fast,15
214000,2842.696087580486,fast,15
215000,2871.2445708626215,fast,15
216000,2920.8348089441397,fast,15
217000,2902.089751247334,fast,15
218000,2887.0985805999076,fast,15
219000,2828.5503547708954,fast,15
220000,2896.409576497802,fast,15
221000,2944.1977396714888,fast,15
222000,2967.720376075783,fast,15
223000,2872.1013408451927,fast,15
224000,2868.227442437998,fast,15
225000,2859.000338766811,fast,15
226000,2961.2274146842565,fast,15
227000,2901.4532333744255,fast,15
228000,2931.8257409487337,fast,15
229000,2989.4623596338183,fast,15
230000,2908.3621992887865,fast,15
231000,2941.2915219019114,fast,15
232000,2892.8579917456073,fast,15
233000,2856.635828618314,fast,15
234000,2896.2982948604845,fast,15
235000,2885.562307477267,fast,15
236000,2797.615472820475,fast,15
237000,2901.14830031241,fast,15
238000,2916.0034023806024,fast,15
239000,2769.913777167015,fast,15
240000,2969.909751126694,fast,15
241000,2879.939839553505,fast,15
242000,2906.1057017548205,fast,15
243000,2809.77115965171,fast,15
244000,2826.8282869995624,fast,15
245000,3051.4406551072725,fast,15
246000,2966.9920777953425,fast,15
247000,2857.5436861626004,fast,15
248000,2919.2825445014673,fast,15
249000,2903.150175772258,fast,15
250000,2810.7265047560386,fast,15
251000,2964.466232560512,fast,15
252000,2855.154747569435,fast,15
253000,2839.240093380662,fast,15
254000,2962.142933012262,fast,15
255000,2854.0016292583946,fast,15
256000,2836.0955124443817,fast,15
257000,2801.665671791585,fast,15
258000,2847.4558854664765,fast,15
259000,2923.7847724981602,fast,15
260000,2877.8013834720705,fast,15
261000,2823.592414447182,fast,15
262000,2907.5071321684045,fast,15
263000,2873.5126277234813,fast,15
264000,3009.643267986198,fast,15
265000,2795.3630291236254,fast,15
266000,2835.034877141997,fast,15
267000,2926.8584027333914,fast,15
268000,2890.99042822766,fast,15
269000,2778.0202047991015,fast,15
270000,2821.5492165502906,fast,15
271000,2709.4067677828357,fast,15
272000,2910.6074346974106,fast,15
273000,2856.2296950264936,fast,15
274000,2859.871809989665,fast,15
275000,2818.6002080422954,fast,15
276000,2842.9694963593756,fast,15
277000,2896.286826851868,fast,15
278000,2784.2217354296504,fast,15
279000,2911.400947217451,fast,15
280000,2859.5454249214827,fast,15
281000,2867.769598279636,fast,15
282000,2824.373749355137,fast,15
283000,2871.4104697767193,fast,15
284000,2890.3917693596263,fast,15
285000,2828.8947962937623,fast,15
286000,2827.8009296248656,fast,15
287000,2844.3104079287,fast,15
288000,2844.67653607933,fast,15
289000,2903.0410891570673,fast,15
290000,2824.7112018800567,fast,15
291000,2747.897536781397,fast,15
292000,2904.9468095164084,fast,15
293000,2876.403637587838,fast,15
294000,2853.7403016177786,fast,15
295000,2918.8346120404785,fast,15
296000,2849.4805070896637,fast,15
297000,2841.043694193137,fast,15
298000,2820.694600859378,fast,15
299000,2829.012108931967,fast,15
300000,2938.7057252566406,fast,15
301000,2938.873050257706,fast,15
302000,2800.412314707979,fast,15
303000,2917.1850731849877,fast,15
304000,2849.4863371178117,fast,15
305000,2885.308635656665,fast,15
306000,2897.916920118683,fast,15
307000,2896.4057116046756,fast,15
308000,2830.0504081169315,fast,15
309000,2902.141674083937,fast,15
310000,2840.5449742442775,fast,15
311000,2774.742893833353,fast,15
312000,2901.5766729851453,fast,15
313000,2838.5793334416508,fast,15
314000,2864.159186955932,fast,15
315000,2774.9008133690268,fast,15
316000,2876.5661594149988,fast,15
317000,2907.1781674501867,fast,15
318000,2778.9291955943895,fast,15
319000,2754.2159490740355,fast,15
320000,2796.8595146421853,fast,15
321000,2904.618788795922,fast,15
322000,2840.0780339479206,fast,15
323000,2932.5019839677752,fast,15
324000,2860.049395632518,fast,15
325000,2808.0415930544264,fast,15
326000,2744.5838487932056,fast,15
327000,2848.5796254921524,fast,15
328000,2817.8618999218374,fast,15
329000,2883.9900520695824,fast,15
330000,2914.0109940820353,fast,15
331000,2791.8896073736996,fast,15
332000,2794.6542797341426,fast,15
333000,2963.8523937679747,fast,15
334000,2841.638209182907,fast,15
335000,2856.8119522316633,fast,15
336000,2855.681420147417,fast,15
337000,2778.9366341939312,fast,15
338000,2942.3293404156984,fast,15
339000,2799.201867878287,fast,15
340000,2824.71483990801,fast,15
341000,2845.010158017859,fast,15
342000,2871.2561775278896,fast,15
343000,2867.0326180673164,fast,15
344000,2800.7260119762077,fast,15
345000,2791.0366320761136,fast,15
346000,2949.3537757869535,fast,15
347000,2937.8198127513533,fast,15
348000,2947.5414584478867,fast,15
349000,2801.58917053114,fast,15
350000,2827.8708979035323,fast,15
351000,2908.6461887902406,fast,15
352000,2933.2753409453226,fast,15
353000,2840.7203196377563,fast,15
354000,2876.7839542220167,fast,15
355000,2783.352139983982,fast,15
356000,2758.1015012925236,fast,15
357000,2884.2716238719463,fast,15
358000,2799.8583559716844,fast,15
359000,2733.2055045479106,fast,15
360000,2863.7449091662133,fast,15
361000,2838.054341078177,fast,15
362000,2825.460514053839,fast,15
363000,2900.8471424009144,fast,15
364000,2799.9366480059575,fast,15
365000,2934.961868114813,fast,15
366000,3002.4862656677547,fast,15
367000,2880.4816237130867,fast,15
368000,2817.547279009134,fast,15
369000,2841.1782729604206,fast,15
370000,2922.9715019336077,fast,15
371000,2847.1785461685213,fast,15
372000,2802.1506955630457,fast,15
373000,2767.559007604964,fast,15
374000,2737.6793949955218,fast,15
375000,2823.9263131595144,fast,15
376000,2750.845226265059,fast,15
377000,2820.521326989792,fast,15
378000,2788.081731124414,fast,15
379000,2950.4156285977415,fast,15
380000,2846.0821888010573,fast,15
381000,2836.1418068698795,fast,15
382000,2819.8431685392547,fast,15
383000,2872.4971916927434,fast,15
384000,2891.2562708084974,fast,15
385000,2819.442586196644,fast,15
386000,2849.1301857609656,fast,15
387000,2776.629110365084,fast,15
388000,2863.435339997287,fast,15
389000,2803.1825953542366,fast,15
390000,2844.805262763926,fast,15
391000,2867.490453767846,fast,15
392000,2824.9351100228523,fast,15
393000,2797.414771697599,fast,15
394000,2854.6722439032883,fast,15
395000,2799.8939637072103,fast,15
396000,2828.8796593275006,fast,15
397000,2829.8389621884266,fast,15
398000,2816.0087688177696,fast,15
399000,2809.456268687806,fast,15
400000,2884.0425388223543,fast,15
401000,2847.58883637055,fast,15
402000,2748.2735914372233,fast,15
403000,2932.1135475496735,fast,15
404000,2874.0506470921646,fast,15
405000,2897.630496377829,fast,15
406000,2802.9687401806973,fast,15
407000,2892.299026030589,fast,15
408000,2763.3209314087135,fast,15
409000,2820.0897709548904,fast,15
410000,2896.2273857356877,fast,15
411000,2735.633267103104,fast,15
412000,2845.057418613221,fast,15
413000,2838.3897170401874,fast,15
414000,2894.8316737974897,fast,15
415000,2780.3535568637394,fast,15
416000,2788.2315891846893,fast,15
417000,2830.4861146043336,fast,15
418000,2832.7391500935883,fast,15
419000,2819.4128276104175,fast,15
420000,2785.630632070986,fast,15
421000,2824.3952605778413,fast,15
422000,2767.605383348395,fast,15
423000,2746.7365724160377,fast,15
424000,2793.0476989632207,fast,15
425000,2810.1134249534166,fast,15
426000,2870.8560898583587,fast,15
427000,2897.346961436922,fast,15
428000,2931.6699053700595,fast,15
429000,2916.3389004182177,fast,15
430000,2819.6286076997176,fast,15
431000,2878.9423409460514,fast,15
432000,2862.2840652224477,fast,15
433000,2854.5653589201243,fast,15
434000,2667.662992226061,fast,15
435000,2950.5583697306397,fast,15
436000,2818.3951361805944,fast,15
437000,2736.1406158514114,fast,15
438000,2844.9996733276025,fast,15
439000,2877.198014835062,fast,15
440000,2771.0883806617626,fast,15
441000,2706.973792773827,fast,15
442000,2849.609822444494,fast,15
443000,2883.7414259133175,fast,15
444000,2943.3160797488426,fast,15
445000,2871.8259169267913,fast,15
446000,2750.1468714783055,fast,15
447000,2787.0401411586176,fast,15
448000,2828.1804632158614,fast,15
449000,2823.7380490272785,fast,15
450000,2777.6799645118226,fast,15
451000,2868.7598687420527,fast,15
452000,2740.483660622262,fast,15
453000,2796.426246344442,fast,15
454000,2805.6745412867076,fast,15
455000,2799.0870461568365,fast,15
456000,2826.4982596611926,fast,15
457000,2875.7825469803497,fast,15
458000,2831.045714083711,fast,15
459000,2730.367926347097,fast,15
460000,2771.038762447311,fast,15
461000,2922.3833204587827,fast,15
462000,2824.5176027838097,fast,15
463000,2901.2872614381395,fast,15
464000,2799.4521780332425,fast,15
465000,2839.0715794951643,fast,15
466000,2836.1422787184893,fast,15
467000,2827.4654829333363,fast,15
468000,2955.429339638467,fast,15
469000,2704.2330615514875,fast,15
470000,2911.4733958030333,fast,15
471000,2902.689347137026,fast,15
472000,2788.670265240368,fast,15
473000,2869.5929677954427,fast,15
474000,2935.935008972386,fast,15
475000,2910.1351344744526,fast,15
476000,3000.9478993743332,fast,15
477000,2780.7521217585654,fast,15
478000,2866.3218549037824,fast,15
479000,2846.0988584283214,fast,15
480000,2783.733275777432,fast,15
481000,2955.407656907923,fast,15
482000,2698.0726121031093,fast,15
483000,2791.5255989708676,fast,15
484000,2738.2743166166283,fast,15
485000,2862.5416460565116,fast,15
486000,2834.7039476900886,fast,15
487000,2983.804735557009,fast,15
488000,2811.3043023348237,fast,15
489000,2869.639266299166,fast,15
490000,2862.592942763556,fast,15
491000,2779.399946640848,fast,15
492000,2886.1275618976883,fast,15
493000,2974.228043466775,fast,15
494000,2854.3555527402395,fast,15
495000,2782.351043561855,fast,15
496000,2807.414263536736,fast,15
497000,2745.8321571105516,fast,15
498000,2733.34745163339,fast,15
499000,2852.5483276450177,fast,15
500000,2782.2193619965883,fast,15
1,35555.83998916004,exp,15
1000,18483.00659354552,exp,15
2000,14593.334840754442,exp,15
3000,11046.107616286958,exp,15
4000,9965.994120159086,exp,15
5000,9311.418586399846,exp,15
6000,8210.233141776964,exp,15
7000,8047.55178760223,exp,15
8000,7177.919132761168,exp,15
9000,6879.598610127398,exp,15
10000,6872.054031493078,exp,15
11000,6540.406021458798,exp,15
12000,6293.739357341942,exp,15
13000,5673.230053434696,exp,15
14000,5838.123539939108,exp,15
15000,5276.430945394077,exp,15
16000,5491.866274137666,exp,15
17000,5288.664871093713,exp,15
18000,5151.0962523224325,exp,15
19000,4744.494939465068,exp,15
20000,5057.313099643121,exp,15
21000,4902.670846825635,exp,15
22000,4612.924012538328,exp,15
23000,4574.260292447559,exp,15
24000,4547.957212388138,exp,15
25000,4651.175523932199,exp,15
26000,4558.79469071191,exp,15
27000,4348.637105925343,exp,15
28000,4345.298921037875,exp,15
29000,4259.687923034718,exp,15
30000,4234.2603916730895,exp,15
31000,4276.572801618151,exp,15
32000,4338.553082538879,exp,15
33000,3896.646462772732,exp,15
34000,3905.787843061789,exp,15
35000,3928.2637192149286,exp,15
36000,4120.605618617912,exp,15
37000,3750.5739206494823,exp,15
38000,3971.7493716420995,exp,15
39000,3756.2070676331145,exp,15
40000,3750.7734894428763,exp,15
41000,3574.8366943045676,exp,15
42000,3960.159298640678,exp,15
43000,3675.6139728483367,exp,15
44000,3686.6061287878124,exp,15
45000,3690.8314094621323,exp,15
46000,3604.641928982614,exp,15
47000,3690.3851945356505,exp,15
48000,3653.602066238623,exp,15
49000,3310.3329062699845,exp,15
50000,3629.286696725448,exp,15
51000,3441.8736461437916,exp,15
52000,3493.782679714664,exp,15
53000,3539.6250291687884,exp,15
54000,3736.2509458772856,exp,15
55000,3522.4578519270663,exp,15
56000,3325.747844096705,exp,15
57000,3510.6823089753257,exp,15
58000,3413.4607627294117,exp,15
59000,3517.036022101222,exp,15
60000,3310.529938471117,exp,15
61000,3365.2742459920623,exp,15
62000,3221.243117897506,exp,15
63000,3260.6475064993397,exp,15
64000,3410.2198044104157,exp,15
65000,3203.9094150492274,exp,15
66000,3273.1447703173626,exp,15
67000,3111.268990472004,exp,15
68000,3357.066552740242,exp,15
69000,3175.7442582950716,exp,15
70000,3206.678379491082,exp,15
71000,3623.2544763234755,exp,15
72000,3284.4322200058177,exp,15
73000,3323.181002947189,exp,15
74000,3268.8522066653313,exp,15
75000,3290.531906716031,exp,15
76000,3392.743934358299,exp,15
77000,3352.008841490069,exp,15
78000,3306.551531947257,exp,15
79000,3215.023262008683,exp,15
80000,3058.4379472589217,exp,15
81000,3299.1112631532283,exp,15
82000,3235.346369529497,exp,15
83000,3279.4467563697094,exp,15
84000,3256.2556162251217,exp,15
85000,3184.1749685237396,exp,15
86000,3167.1343869881084,exp,15
87000,3162.1371428820826,exp,15
88000,3113.461847971342,exp,15
89000,3202.5924552861143,exp,15
90000,3301.3907430884706,exp,15
91000,3187.348536148288,exp,15
92000,3042.086772392896,exp,15
93000,3107.7099139049956,exp,15
94000,3125.8727972449883,exp,15
95000,3041.6779876412684,exp,15
96000,3203.669699243699,exp,15
97000,3093.904257188964,exp,15
98000,3117.3276881245406,exp,15
99000,3012.0022760171305,exp,15
100000,3081.800622050356,exp,15
101000,3179.9015648463187,exp,15
102000,3041.9024960626266,exp,15
103000,3018.6173717425186,exp,15
104000,3039.2047350816924,exp,15
105000,3048.8021528937834,exp,15
106000,3058.0937692491757,exp,15
107000,3068.1675046596306,exp,15
108000,3062.9301062282434,exp,15
109000,3232.256128143066,exp,15
110000,2994.493339520614,exp,15
111000,2945.492519547334,exp,15
112000,3078.8054097356253,exp,15
113000,2917.333293084742,exp,15
114000,3139.075886569639,exp,15
115000,3054.0320007515347,exp,15
116000,3070.3484096872066,exp,15
117000,3047.1546301731555,exp,15
118000,3061.502323118161,exp,15
119000,2925.1883968517764,exp,15
120000,3050.0361558629547,exp,15
121000,2922.5837453085082,exp,15
122000,3037.385260487933,exp,15
123000,3041.704475265531,exp,15
124000,3079.216119334622,exp,15
125000,2976.7066468812577,exp,15
126000,3063.7800675265535,exp,15
127000,3025.787756032216,exp,15
128000,2999.881246828671,exp,15
129000,3055.496878948349,exp,15
130000,2939.1640549514077,exp,15
131000,3001.2339820434927,exp,15
132000,3041.0714176230476,exp,15
133000,2970.000437520446,exp,15
134000,3044.4145231615603,exp,15
135000,2994.725537853761,exp,15
136000,3162.2756128714477,exp,15
137000,2959.5054480141694,exp,15
138000,2972.5691356897855,exp,15
139000,3064.501512085981,exp,15
140000,2999.0243723789376,exp,15
141000,3039.8704721973627,exp,15
142000,3002.787831629915,exp,15
143000,2919.0383950431196,exp,15
144000,3105.384969615032,exp,15
145000,2990.35476448389,exp,15
146000,3061.925361798583,exp,15
147000,2995.3599216358657,exp,15
148000,3098.5985756707446,exp,15
149000,3027.4625018807183,exp,15
150000,2991.449722756965,exp,15
151000,2999.769288305116,exp,15
152000,2963.435533089986,exp,15
153000,3125.4397082915457,exp,15
154000,2948.97906555839,exp,15
155000,2949.3867716912546,exp,15
156000,3138.2606154768796,exp,15
157000,3017.0523047515753,exp,15
158000,3011.748941914404,exp,15
159000,3168.006627297163,exp,15
160000,3028.737248668237,exp,15
161000,3032.3165723227835,exp,15
162000,3019.498309346438,exp,15
163000,3023.169381851358,exp,15
164000,2923.409484067128,exp,15
165000,3059.202152390554,exp,15
166000,2951.4300742491487,exp,15
167000,3134.466566389935,exp,15
168000,3044.8762971521105,exp,15
169000,2874.5447316293385,exp,15
170000,3039.277143897443,exp,15
171000,3104.458906118134,exp,15
172000,2861.2408907640115,exp,15
173000,2938.4653054082005,exp,15
174000,2952.1498015133607,exp,15
175000,2914.447571849393,exp,15
176000,3055.774875481158,exp,15
177000,2888.7436144998637,exp,15
178000,2926.2439610761994,exp,15
179000,2921.4560313744246,exp,15
180000,3080.4806531911586,exp,15
181000,3049.632366743965,exp,15
182000,2892.8686741100373,exp,15
183000,3011.7221866531595,exp,15
184000,2883.365206998932,exp,15
185000,2881.7587554330794,exp,15
186000,2948.307713911042,exp,15
187000,2970.4342329290603,exp,15
188000,2941.29648499559,exp,15
189000,3037.087810190295,exp,15
190000,2982.8976961623566,exp,15
191000,2902.394915557051,exp,15
192000,2889.2676753388614,exp,15
193000,2891.858451108708,exp,15
194000,2942.871423226804,exp,15
195000,2921.798347462443,exp,15
196000,2883.422791022402,exp,15
197000,2976.934049886437,exp,15
198000,2939.2652894156704,exp,15
199000,2878.1090091215897,exp,15
200000,2954.283784802039,exp,15
201000,2960.4851577554628,exp,15
202000,3035.3111359907525,exp,15
203000,2901.0149912144047,exp,15
204000,3012.4675493007767,exp,15
205000,2917.0727387927295,exp,15
206000,2908.9754284028145,exp,15
207000,2972.4683722646446,exp,15
208000,3031.990829392453,exp,15
209000,2973.826786997173,exp,15
210000,3045.6099986568847,exp,15
211000,2911.261506770244,exp,15
212000,2962.797906226884,exp,15
213000,2913.515016693393,exp,15
214000,2947.3007679547895,exp,15
215000,3012.9464359923886,exp,15
216000,3083.680885557321,exp,15
217000,2855.257896713111,exp,15
218000,2976.6875590660857,exp,15
219000,2905.56767404362,exp,15
220000,2911.0410991285044,exp,15
221000,2833.6196327611838,exp,15
222000,2869.095918486764,exp,15
223000,2936.7634172190765,exp,15
224000,2881.7963886645402,exp,15
225000,3012.804334596901,exp,15
226000,2922.4113936687004,exp,15
227000,2877.049411432049,exp,15
228000,2982.6603472356314,exp,15
229000,2966.4082358116248,exp,15
230000,2889.570060315894,exp,15
231000,2894.67798203356,exp,15
232000,2888.0843184272103,exp,15
233000,2899.1889091144503,exp,15
234000,2913.879287040236,exp,15
235000,2921.9533635063867,exp,15
236000,2980.2874047987707,exp,15
237000,2972.801863528711,exp,15
238000,2851.3397349699867,exp,15
239000,2945.3022077416626,exp,15
240000,2910.9076783059522,exp,15
241000,2782.5602371769596,exp,15
242000,2918.536083572633,exp,15
243000,2960.069993239371,exp,15
244000,2926.469522347606,exp,15
245000,2982.151822632163,exp,15
246000,2896.1844020259546,exp,15
247000,2990.468192852986,exp,15
248000,3101.7713453378997,exp,15
249000,3067.008733632464,exp,15
250000,2908.3962650116828,exp,15
251000,2837.8254594606483,exp,15
252000,2900.3014262340075,exp,15
253000,2864.4913626141292,exp,15
254000,2963.6387416825555,exp,15
255000,2981.205669632401,exp,15
256000,3012.7487258161286,exp,15
257000,2841.5495243160194,exp,15
258000,2911.0959560075516,exp,15
259000,3001.5304803728845,exp,15
260000,2873.3670876018596,exp,15
261000,3039.6962528452336,exp,15
262000,2967.426116743194,exp,15
263000,2898.7097257082396,exp,15
264000,2889.570762331624,exp,15
265000,2804.1183659889716,exp,15
266000,2848.4460811215954,exp,15
267000,2844.04684813038,exp,15
268000,2969.412068679979,exp,15
269000,2938.195972340157,exp,15
270000,2901.3790847239106,exp,15
271000,2917.094712111915,exp,15
272000,2921.8366917461194,exp,15
273000,2947.82270886642,exp,15
274000,3006.5068564674784,exp,15
275000,3036.7344842588086,exp,15
276000,2879.496812982077,exp,15
277000,2944.957872011156,exp,15
278000,2978.491173648405,exp,15
279000,2865.8196509887584,exp,15
280000,3038.5160601080333,exp,15
281000,2817.3522298208904,exp,15
282000,2868.87505737688,exp,15
283000,3033.000741872188,exp,15
284000,3022.9514163655776,exp,15
285000,2877.069062445606,exp,15
286000,2816.0854095952695,exp,15
287000,2958.378965183616,exp,15
288000,2896.102250219392,exp,15
289000,3097.9078945066944,exp,15
290000,3060.7306856300816,exp,15
291000,2955.3929454319928,exp,15
292000,2922.525017138758,exp,15
293000,2832.0031478561796,exp,15
294000,2881.197523261357,exp,15
295000,2872.96367213555,exp,15
296000,2863.1242889576342,exp,15
297000,2911.9950477946763,exp,15
298000,2973.8399271909866,exp,15
299000,3028.254408097795,exp,15
300000,2888.247654548071,exp,15
301000,2881.9037369004054,exp,15
302000,2956.8547060767996,exp,15
303000,2842.55980310397,exp,15
304000,3033.3421731153344,exp,15
305000,2945.2962005157747,exp,15
306000,2794.5273241073005,exp,15
307000,2977.507206937059,exp,15
308000,2872.3010829521218,exp,15
309000,2917.5632259724794,exp,15
310000,2987.1446483427535,exp,15
311000,2975.992472843435,exp,15
312000,3001.6568012893513,exp,15
313000,3027.6348698176553,exp,15
314000,2894.994135894649,exp,15
315000,2912.267951541591,exp,15
316000,2848.68772334585,exp,15
317000,2849.1610125771736,exp,15
318000,3015.6580144427435,exp,15
319000,2939.5032994979238,exp,15
320000,2901.995086697341,exp,15
321000,2979.443246335916,exp,15
322000,2975.5987334541073,exp,15
323000,2938.2068103937345,exp,15
324000,2967.3297243577053,exp,15
325000,2999.45851035175,exp,15
326000,3050.278212867023,exp,15
327000,2933.935021465129,exp,15
328000,2892.936925068434,exp,15
329000,2943.9395505499474,exp,15
330000,2925.8476492970917,exp,15
331000,2925.743758356724,exp,15
332000,2854.8624719538693,exp,15
333000,2942.2725597844587,exp,15
334000,2930.9407638731154,exp,15
335000,2960.521831075006,exp,15
336000,2955.1253942468275,exp,15
337000,2880.8456406102173,exp,15
338000,2855.01688527485,exp,15
339000,2902.641117166324,exp,15
340000,2835.7800234669166,exp,15
341000,2840.4129594023607,exp,15
342000,2915.506076357716,exp,15
343000,2924.8032047513725,exp,15
344000,2869.41181485397,exp,15
345000,2940.8658098484916,exp,15
346000,3011.6800614713243,exp,15
347000,2843.2302203535737,exp,15
348000,2898.8090863155817,exp,15
349000,2900.586631566362,exp,15
350000,2888.67632135419,exp,15
351000,2796.8347279564223,exp,15
352000,2842.6902703040605,exp,15
353000,2874.5930120618764,exp,15
354000,2933.8196500654344,exp,15
355000,2801.277090791373,exp,15
356000,2913.3211915861716,exp,15
357000,2962.781605592939,exp,15
358000,2892.5459654592814,exp,15
359000,3019.745753250373,exp,15
360000,2791.1743378743786,exp,15
361000,2970.7988553297605,exp,15
362000,2758.4177265476883,exp,15
363000,2906.1233218810266,exp,15
364000,2874.5929338916017,exp,15
365000,2915.1299690903043,exp,15
366000,2860.08959774413,exp,15
367000,2954.3138584246617,exp,15
368000,2848.3817406541825,exp,15
369000,2946.7263205917234,exp,15
370000,2997.5951658272925,exp,15
371000,2946.3826587762096,exp,15
372000,2972.4005564783406,exp,15
373000,2969.5390216982846,exp,15
374000,2867.887466770875,exp,15
375000,2903.9705222793837,exp,15
376000,2827.148871146059,exp,15
377000,3090.6363673464843,exp,15
378000,2842.104523201169,exp,15
379000,2797.7238990809033,exp,15
380000,2805.148563417629,exp,15
381000,2978.7926698460474,exp,15
382000,2932.4881977832338,exp,15
383000,2932.346046170221,exp,15
384000,2870.0956665142853,exp,15
385000,2958.657696139425,exp,15
386000,2954.951284898821,exp,15
387000,3007.389516189417,exp,15
388000,3010.394803479921,exp,15
389000,2876.4294892730545,exp,15
390000,2910.857853258138,exp,15
391000,3012.8093965971175,exp,15
392000,2918.9548580270593,exp,15
393000,2946.399682205057,exp,15
394000,2886.4149225028323,exp,15
395000,2833.1194130609397,exp,15
396000,2959.581580312017,exp,15
397000,2911.5783340046,exp,15
398000,2890.923837400428,exp,15
399000,3022.811399262632,exp,15
400000,2897.8077813146274,exp,15
401000,2864.266383754024,exp,15
402000,2885.890907850921,exp,15
403000,2841.434005028208,exp,15
404000,2936.8044886662597,exp,15
405000,2966.3244164675916,exp,15
406000,2953.159336069608,exp,15
407000,3014.6931739698857,exp,15
408000,3073.2788760537087,exp,15
409000,2803.980231208078,exp,15
410000,3010.9875852816435,exp,15
411000,2874.209834350138,exp,15
412000,2918.2367421129543,exp,15
413000,2871.6812407882003,exp,15
414000,2837.2736070736037,exp,15
415000,2918.2195464353154,exp,15
416000,2959.4502275822956,exp,15
417000,2809.862593005555,exp,15
418000,2952.8270629986614,exp,15
419000,3014.7702086593085,exp,15
420000,3007.171609064087,exp,15
421000,3040.6291445862216,exp,15
422000,2901.7892825658423,exp,15
423000,2928.2704736507767,exp,15
424000,2957.361697491143,exp,15
425000,2942.1996133584544,exp,15
426000,2901.417151250011,exp,15
427000,2856.927085869259,exp,15
428000,2948.949897740073,exp,15
429000,2804.8247395661447,exp,15
430000,2907.004479736327,exp,15
431000,2814.0559702692512,exp,15
432000,2831.416830102858,exp,15
433000,2905.42400990194,exp,15
434000,2930.777348366693,exp,15
435000,2934.1198383060687,exp,15
436000,3017.328651266962,exp,15
437000,2865.380706445804,exp,15
438000,2888.581188948237,exp,15
439000,2991.213380455331,exp,15
440000,2814.806534181716,exp,15
441000,2891.6462692711157,exp,15
442000,3051.191648692783,exp,15
443000,2894.2744226916184,exp,15
444000,2869.9470229516514,exp,15
445000,2848.925261066509,exp,15
446000,2947.8007889071896,exp,15
447000,2990.789014659725,exp,15
448000,2988.268349179181,exp,15
449000,3044.1731626009328,exp,15
450000,2883.3760322970006,exp,15
451000,2896.063892450684,exp,15
452000,2879.4588051643777,exp,15
453000,2962.6771806933566,exp,15
454000,2930.2196111165404,exp,15
455000,3004.9922656263843,exp,15
456000,2906.031207934307,exp,15
457000,2916.77828166983,exp,15
458000,2918.7282192150974,exp,15
459000,2888.584969528058,exp,15
460000,2972.9241675636604,exp,15
461000,2946.33726651432,exp,15
462000,2891.807438292195,exp,15
463000,2834.172141874032,exp,15
464000,2959.082658708733,exp,15
465000,2863.2225279919135,exp,15
466000,2926.2519881502794,exp,15
467000,3005.5234587492396,exp,15
468000,2876.2689673585996,exp,15
469000,2908.274710648344,exp,15
470000,2880.4860675896502,exp,15
471000,2886.9782821507406,exp,15
472000,2927.271181634305,exp,15
473000,2959.5490817267323,exp,15
474000,2924.724048622499,exp,15
475000,3039.825349769198,exp,15
476000,2884.798965758738,exp,15
477000,2961.537487657679,exp,15
478000,2935.726248295906,exp,15
479000,2995.7129994871484,exp,15
480000,2932.148515860435,exp,15
481000,2957.2377298697616,exp,15
482000,2878.4820486411086,exp,15
483000,2881.7756113616524,exp,15
484000,2902.390057042596,exp,15
485000,2979.2300409137065,exp,15
486000,2933.416892172733,exp,15
487000,2939.942562937007,exp,15
488000,2879.7224561112353,exp,15
489000,2922.5285187433315,exp,15
490000,2889.0538620342745,exp,15
491000,2908.2744652739407,exp,15
492000,2895.8723106109946,exp,15
493000,2926.6045749540135,exp,15
494000,2910.5439609463097,exp,15
495000,2846.5075801537337,exp,15
496000,2906.5743664763118,exp,15
497000,2809.6969156050245,exp,15
498000,2880.9353551274994,exp,15
499000,2929.8747841339405,exp,15
500000,2898.77712013725,exp,15
1,35730.80403858556,adaptive,15
1000,20499.924825704205,adaptive,15
2000,15005.936209752585,adaptive,15
3000,11542.944824759703,adaptive,15
4000,10508.772100628326,adaptive,15
5000,8954.097021298654,adaptive,15
6000,8100.3551172175785,adaptive,15
7000,7136.220122043288,adaptive,15
8000,7106.47298616764,adaptive,15
9000,7005.593304346101,adaptive,15
10000,6551.10546401032,adaptive,15
11000,6619.747361806897,adaptive,15
12000,6295.333978849372,adaptive,15
13000,6110.442903427173,adaptive,15
14000,5415.69388061217,adaptive,15
15000,5344.681390343541,adaptive,15
16000,4933.767476245869,adaptive,15
17000,5232.811539871316,adaptive,15
18000,5146.111018331712,adaptive,15
19000,4917.8245806307705,adaptive,15
20000,5033.155341536201,adaptive,15
21000,4518.5800634057705,adaptive,15
22000,4465.906457601606,adaptive,15
23000,4525.732788323701,adaptive,15
24000,4622.864259298804,adaptive,15
25000,4385.774308065719,adaptive,15
26000,4258.301103530754,adaptive,15
27000,4463.276700553613,adaptive,15
28000,4276.442165888685,adaptive,15
29000,3849.1787104742207,adaptive,15
30000,4116.472084774959,adaptive,15
31000,4129.4557280014,adaptive,15
32000,3985.168535765813,adaptive,15
33000,4044.022563539866,adaptive,15
34000,4210.552085778919,adaptive,15
35000,4120.886630586347,adaptive,15
36000,3950.957773207929,adaptive,15
37000,3910.6701623914487,adaptive,15
38000,3715.05098787943,adaptive,15
39000,3547.7924922526886,adaptive,15
40000,3890.493881747004,adaptive,15
41000,3742.5691284152504,adaptive,15
42000,3705.444725186845,adaptive,15
43000,3717.73982434421,adaptive,15
44000,3743.066848080481,adaptive,15
45000,3539.506339789853,adaptive,15
46000,3576.0734154508186,adaptive,15
47000,3471.5864514197688,adaptive,15
48000,3711.99565975622,adaptive,15
49000,3503.234522299909,adaptive,15
50000,3420.76169566816,adaptive,15
51000,3365.0456756502094,adaptive,15
52000,3546.765123137386,adaptive,15
53000,3385.118953216565,adaptive,15
54000,3444.5267027480654,adaptive,15
55000,3332.8799035320885,adaptive,15
56000,3317.3037537168134,adaptive,15
57000,3457.5077494725274,adaptive,15
58000,3373.0292171099914,adaptive,15
59000,3568.2122744769194,adaptive,15
60000,3292.8681815608265,adaptive,15
61000,3448.301728165658,adaptive,15
62000,3383.4866898480363,adaptive,15
63000,3476.3235788130455,adaptive,15
64000,3489.7228366814634,adaptive,15
65000,3304.7017402456095,adaptive,15
66000,3431.7508386633644,adaptive,15
67000,3257.9806498329895,adaptive,15
68000,3499.5956821531645,adaptive,15
69000,3300.402801901505,adaptive,15
70000,3249.155073641927,adaptive,15
71000,3262.9645419623225,adaptive,15
72000,3198.9063292421542,adaptive,15
73000,3431.0688973928454,adaptive,15
74000,3313.7405673220546,adaptive,15
75000,3296.084978649232,adaptive,15
76000,3375.189152100026,adaptive,15
77000,3265.4063757574904,adaptive,15
78000,3246.7658380381313,adaptive,15
79000,3282.1314031403194,adaptive,15
80000,3329.1723162678163,adaptive,15
81000,3090.576702881106,adaptive,15
82000,3071.7570377329043,adaptive,15
83000,3259.150664789311,adaptive,15
84000,3392.2927084146118,adaptive,15
85000,3144.517073098385,adaptive,15
86000,3206.717440693684,adaptive,15
87000,3258.9702544769143,adaptive,15
88000,3205.939822729849,adaptive,15
89000,2974.5130480881908,adaptive,15
90000,3153.585877451017,adaptive,15
91000,3199.3715108884676,adaptive,15
92000,3041.479794505277,adaptive,15
93000,3151.2752099374375,adaptive,15
94000,3195.853028948684,adaptive,15
95000,3133.9377971130198,adaptive,15
96000,3104.7244445251795,adaptive,15
97000,3276.3933529172664,adaptive,15
98000,3203.234723747022,adaptive,15
99000,3138.295881970244,adaptive,15
100000,3215.807695436762,adaptive,15
101000,3126.490409477831,adaptive,15
102000,3147.6286903770156,adaptive,15
103000,3127.398704672105,adaptive,15
104000,3118.4883903764353,adaptive,15
105000,3121.0220405455816,adaptive,15
106000,3115.3842716757163,adaptive,15
107000,2968.9055373271344,adaptive,15
108000,3133.5641725353194,adaptive,15
109000,3134.546779620136,adaptive,15
110000,3215.2307605113992,adaptive,15
111000,3017.115992803612,adaptive,15
112000,3052.1693284293715,adaptive,15
113000,3040.0788014025593,adaptive,15
114000,3143.7737610948197,adaptive,15
115000,3054.55976311368,adaptive,15
116000,3079.3842729094604,adaptive,15
117000,3068.4107307697946,adaptive,15
118000,3176.7796031360645,adaptive,15
119000,3067.5771462458615,adaptive,15
120000,3017.2580057891287,adaptive,15
121000,3111.3748011308153,adaptive,15
122000,3067.94094408254,adaptive,15
123000,3022.2979011320467,adaptive,15
124000,3098.63282536678,adaptive,15
125000,3099.057286011266,adaptive,15
126000,3084.28688697079,adaptive,15
127000,3026.7749795419977,adaptive,15
128000,3041.1725706278385,adaptive,15
129000,3053.536870456153,adaptive,15
130000,2899.763304535096,adaptive,15
131000,2988.928889935111,adaptive,15
132000,3124.4970507931366,adaptive,15
133000,3080.5674263006927,adaptive,15
134000,3044.904501084985,adaptive,15
135000,3015.515253868054,adaptive,15
136000,3037.3568064809906,adaptive,15
137000,3089.741034465555,adaptive,15
138000,2933.4169117142606,adaptive,15
139000,2947.915391362629,adaptive,15
140000,2868.1340002677325,adaptive,15
141000,3112.486541872832,adaptive,15
142000,3028.1559876626743,adaptive,15
143000,3100.971257130791,adaptive,15
144000,3037.9375522367327,adaptive,15
145000,2991.1241936725373,adaptive,15
146000,2990.038574669387,adaptive,15
147000,2924.1403529337117,adaptive,15
148000,3003.2260700413685,adaptive,15
149000,3029.392408885727,adaptive,15
150000,2850.9857796389724,adaptive,15
151000,2961.1075382014624,adaptive,15
152000,2914.328189564911,adaptive,15
153000,2995.5067311243233,adaptive,15
154000,3020.050574051064,adaptive,15
155000,2941.8735221288025,adaptive,15
156000,2909.32894056783,adaptive,15
157000,3097.367184173702,adaptive,15
158000,2939.7274751151554,adaptive,15
159000,2896.660418787683,adaptive,15
160000,3069.8399439666227,adaptive,15
161000,2943.604362943928,adaptive,15
162000,2914.0448416878003,adaptive,15
163000,2880.7359196535213,adaptive,15
164000,3104.896228374377,adaptive,15
165000,3041.397267877145,adaptive,15
166000,2988.546585580829,adaptive,15
167000,2896.415343599493,adaptive,15
168000,3027.387981873265,adaptive,15
169000,3025.386642838012,adaptive,15
170000,3014.239410227407,adaptive,15
171000,2926.4227284310564,adaptive,15
172000,2991.7803027915556,adaptive,15
173000,2918.366034215215,adaptive,15
174000,3095.9326634514673,adaptive,15
175000,2844.927966469022,adaptive,15
176000,3032.3757882318087,adaptive,15
177000,2924.419680489305,adaptive,15
178000,2932.4690648245214,adaptive,15
179000,3054.407830159789,adaptive,15
180000,2964.802393561496,adaptive,15
181000,3009.8281982586004,adaptive,15
182000,2952.7683129225406,adaptive,15
183000,2917.001826046842,adaptive,15
184000,3005.1796174227243,adaptive,15
185000,2996.6149265688946,adaptive,15
186000,2962.20876114667,adaptive,15
187000,2983.763912723614,adaptive,15
188000,2950.749705046848,adaptive,15
189000,2949.732080968101,adaptive,15
190000,2912.4573643089675,adaptive,15
191000,2945.166083292322,adaptive,15
192000,2967.3298846752364,adaptive,15
193000,2909.910893475413,adaptive,15
194000,2970.5943404276823,adaptive,15
195000,2889.8451776971974,adaptive,15
196000,2921.265284207079,adaptive,15
197000,2898.667865133335,adaptive,15
198000,2827.0011478853557,adaptive,15
199000,3011.973280333545,adaptive,15
200000,3001.3108317738606,adaptive,15
201000,2964.9566575864574,adaptive,15
202000,2873.2704953623293,adaptive,15
203000,2904.5710843820684,adaptive,15
204000,2924.8348532642613,adaptive,15
205000,2892.151905197646,adaptive,15
206000,3078.3777418524232,adaptive,15
207000,2897.3728455045266,adaptive,15
208000,3054.917733536442,adaptive,15
209000,3053.8085034372116,adaptive,15
210000,2938.885659925907,adaptive,15
211000,2958.6013598039217,adaptive,15
212000,2977.9145851679295,adaptive,15
213000,2771.727295169819,adaptive,15
214000,2942.244935420123,adaptive,15
215000,2906.7024329150377,adaptive,15
216000,2921.5158678608263,adaptive,15
217000,2959.0072453602456,adaptive,15
218000,3016.6802897621374,adaptive,15
219000,2954.2154677406315,adaptive,15
220000,3059.434593887243,adaptive,15
221000,2983.944808720081,adaptive,15
222000,2989.1464857813316,adaptive,15
223000,2943.133918357279,adaptive,15
224000,2873.295572688746,adaptive,15
225000,3032.4450302236537,adaptive,15
226000,2910.941307672956,adaptive,15
227000,2912.428984429818,adaptive,15
228000,2928.869889273955,adaptive,15
229000,2896.3693389553223,adaptive,15
230000,2882.290087988029,adaptive,15
231000,2923.5925424048914,adaptive,15
232000,2958.193867108307,adaptive,15
233000,3049.2640757704394,adaptive,15
234000,2957.945928699578,adaptive,15
235000,2919.3589423277135,adaptive,15
236000,2919.178144977859,adaptive,15
237000,2873.010645081164,adaptive,15
238000,2880.0770270747994,adaptive,15
239000,2894.0170118041506,adaptive,15
240000,2953.134134317988,adaptive,15
241000,3021.949315928976,adaptive,15
242000,2839.134508982758,adaptive,15
243000,2900.0585837752033,adaptive,15
244000,2873.239624999003,adaptive,15
245000,2968.3685059774234,adaptive,15
246000,3152.0479270370447,adaptive,15
247000,2949.9732971280096,adaptive,15
248000,2983.483217050084,adaptive,15
249000,2899.2829658983646,adaptive,15
250000,2972.3505574977753,adaptive,15
251000,2904.1952215028427,adaptive,15
252000,2845.891735418734,adaptive,15
253000,2972.2401479432547,adaptive,15
254000,3034.4226576543488,adaptive,15
255000,2925.045263535278,adaptive,15
256000,2940.2191999358797,adaptive,15
257000,3002.099535952638,adaptive,15
258000,2954.144050887781,adaptive,15
259000,2997.3566621467385,adaptive,15
260000,2764.500584397401,adaptive,15
261000,2951.511108853862,adaptive,15
262000,2951.8797173477287,adaptive,15
263000,2955.7452334390036,adaptive,15
264000,2981.858817447592,adaptive,15
265000,2920.5614958458277,adaptive,15
266000,2948.3884646273823,adaptive,15
267000,2893.035797697277,adaptive,15
268000,3025.78602535272,adaptive,15
269000,2857.362712677106,adaptive,15
270000,2808.231124645295,adaptive,15
271000,2941.71462909796,adaptive,15
272000,2880.501921719209,adaptive,15
273000,3004.1780562783156,adaptive,15
274000,2936.7143959165123,adaptive,15
275000,2966.619136680683,adaptive,15
276000,2904.534258331647,adaptive,15
277000,2940.597251517404,adaptive,15
278000,2914.5981661772407,adaptive,15
279000,2914.0808611811635,adaptive,15
280000,2986.1211373574106,adaptive,15
281000,2977.656666720455,adaptive,15
282000,2897.2888512307914,adaptive,15
283000,2978.4394262050805,adaptive,15
284000,3044.3914606723474,adaptive,15
285000,2950.400993403596,adaptive,15
286000,2894.413991151928,adaptive,15
287000,2973.9630967210555,adaptive,15
288000,2902.749572382766,adaptive,15
289000,2928.770180598208,adaptive,15
290000,2855.946670928257,adaptive,15
291000,2916.187779418184,adaptive,15
292000,2875.7581746197247,adaptive,15
293000,2865.829300160498,adaptive,15
294000,2879.257605324465,adaptive,15
295000,2951.452710430921,adaptive,15
296000,2909.0047993110074,adaptive,15
297000,3019.122100275893,adaptive,15
298000,2958.7157294860754,adaptive,15
299000,2928.552465213149,adaptive,15
300000,2806.299901948532,adaptive,15
301000,2921.219437932421,adaptive,15
302000,2896.997971778739,adaptive,15
303000,2881.150733219738,adaptive,15
304000,2888.8919194634423,adaptive,15
305000,2946.3738076901614,adaptive,15
306000,2848.597164026233,adaptive,15
307000,2912.2409260092795,adaptive,15
308000,2867.7103855459018,adaptive,15
309000,2970.2852117439943,adaptive,15
310000,2882.175187350091,adaptive,15
311000,2835.6190117360698,adaptive,15
312000,2842.349686883774,adaptive,15
313000,2944.243251233239,adaptive,15
314000,2948.527753342743,adaptive,15
315000,2874.3338512012033,adaptive,15
316000,2917.401474338911,adaptive,15
317000,2952.6149816529532,adaptive,15
318000,2880.7099548392034,adaptive,15
319000,2962.1771719995154,adaptive,15
320000,2885.3375101353463,adaptive,15
321000,2925.3406445386904,adaptive,15
322000,2965.5092598635247,adaptive,15
323000,2925.364068948509,adaptive,15
324000,2987.5931357407644,adaptive,15
325000,2904.430065612442,adaptive,15
326000,2882.6581868190424,adaptive,15
327000,2955.5819247570944,adaptive,15
328000,2957.4989470785317,adaptive,15
329000,2890.9446583997055,adaptive,15
330000,2928.0231138315785,adaptive,15
331000,2834.260248361663,adaptive,15
332000,2884.1028194403993,adaptive,15
333000,2842.841414360785,adaptive,15
334000,2944.284109939576,adaptive,15
335000,2983.6119852825573,adaptive,15
336000,2844.397886320533,adaptive,15
337000,2792.1469362306943,adaptive,15
338000,2854.829204408761,adaptive,15
339000,2952.590548220271,adaptive,15
340000,2925.4571018862953,adaptive,15
341000,2943.93901250833,adaptive,15
342000,2891.396061059267,adaptive,15
343000,2906.141496641479,adaptive,15
344000,2936.662949537108,adaptive,15
345000,2995.096466874378,adaptive,15
346000,2944.931798876149,adaptive,15
347000,2956.041643913916,adaptive,15
348000,2867.644825073822,adaptive,15
349000,2881.722264225985,adaptive,15
350000,2994.518491506146,adaptive,15
351000,2899.690067333411,adaptive,15
352000,2932.012463304977,adaptive,15
353000,2929.1924151337003,adaptive,15
354000,2839.5989456566535,adaptive,15
355000,2914.7056968467527,adaptive,15
356000,2923.928193308588,adaptive,15
357000,2946.5996660553883,adaptive,15
358000,2888.5809849225698,adaptive,15
359000,2822.6799649933714,adaptive,15
360000,2939.5726291015058,adaptive,15
361000,2953.9634185988,adaptive,15
362000,2968.713542707821,adaptive,15
363000,3015.5634337903975,adaptive,15
364000,2922.027829793698,adaptive,15
365000,3018.196420419205,adaptive,15
366000,2909.64686213093,adaptive,15
367000,2857.2442533437993,adaptive,15
368000,2918.292763587719,adaptive,15
369000,2956.2963081980247,adaptive,15
370000,2947.5586557254283,adaptive,15
371000,2899.7094705365116,adaptive,15
372000,3003.232292009934,adaptive,15
373000,2801.7973141671077,adaptive,15
374000,2855.7024362086077,adaptive,15
375000,2948.8820279561564,adaptive,15
376000,2814.0199209226466,adaptive,15
377000,3035.085133076463,adaptive,15
378000,2850.411578330838,adaptive,15
379000,3027.1561958377692,adaptive,15
380000,2930.0804860001404,adaptive,15
381000,2871.643851661076,adaptive,15
382000,2947.482983665835,adaptive,15
383000,2913.886135371671,adaptive,15
384000,2857.200856338955,adaptive,15
385000,2923.881117109015,adaptive,15
386000,2930.720724272323,adaptive,15
387000,2925.6653499772538,adaptive,15
388000,2932.4257609541455,adaptive,15
389000,2888.604966884924,adaptive,15
390000,2939.466850665529,adaptive,15
391000,3018.7838739253684,adaptive,15
392000,2910.180649740794,adaptive,15
393000,2875.9769826029924,adaptive,15
394000,3026.4789330900408,adaptive,15
395000,2949.7572106571292,adaptive,15
396000,2902.086979884434,adaptive,15
397000,2988.7588216776244,adaptive,15
398000,2791.011986544449,adaptive,15
399000,2935.1370396931793,adaptive,15
400000,2779.084631429663,adaptive,15
401000,2924.9972991926966,adaptive,15
402000,2893.705901367554,adaptive,15
403000,2777.4342812042883,adaptive,15
404000,2834.030813490018,adaptive,15
405000,2922.842318581954,adaptive,15
406000,2911.4466265317824,adaptive,15
407000,2885.779551312871,adaptive,15
408000,2982.2890681326594,adaptive,15
409000,2957.0414005530083,adaptive,15
410000,2945.0851767303416,adaptive,15
411000,3066.3600954568697,adaptive,15
412000,2976.3136270544883,adaptive,15
413000,2964.5951843570588,adaptive,15
414000,2909.8660539665984,adaptive,15
415000,2912.3076083597216,adaptive,15
416000,2825.200959665444,adaptive,15
417000,2808.09545893776,adaptive,15
418000,2948.553547556628,adaptive,15
419000,2991.241061511389,adaptive,15
420000,2857.9640409427057,adaptive,15
421000,3008.060244149597,adaptive,15
422000,2938.523907339584,adaptive,15
423000,2965.3758628608057,adaptive,15
424000,2922.2392672208002,adaptive,15
425000,2931.9434654079328,adaptive,15
426000,2833.8474938247505,adaptive,15
427000,2935.496517918102,adaptive,15
428000,2912.0089152629253,adaptive,15
429000,2846.833593277224,adaptive,15
430000,2925.979935240075,adaptive,15
431000,2945.9716499310775,adaptive,15
432000,3004.665629022352,adaptive,15
433000,2876.800832640783,adaptive,15
434000,2830.2727826268815,adaptive,15
435000,2894.716275134133,adaptive,15
436000,2920.639349050054,adaptive,15
437000,2776.2528756057027,adaptive,15
438000,2833.033884995965,adaptive,15
439000,2868.24236219919,adaptive,15
440000,2948.1856499251257,adaptive,15
441000,2850.0553241023413,adaptive,15
442000,3040.168172401689,adaptive,15
443000,2970.4198599978354,adaptive,15
444000,2854.74193390635,adaptive,15
445000,2865.041550926048,adaptive,15
446000,2832.789308710813,adaptive,15
447000,2890.572567390852,adaptive,15
448000,3002.518540027175,adaptive,15
449000,2957.06840233938,adaptive,15
450000,2811.2546021389235,adaptive,15
451000,3070.537290022146,adaptive,15
452000,2827.7677079785253,adaptive,15
453000,2881.296040589537,adaptive,15
454000,2853.519691624805,adaptive,15
455000,2871.085000186055,adaptive,15
456000,2910.6358794818784,adaptive,15
457000,2834.974033256848,adaptive,15
458000,2905.9023584972856,adaptive,15
459000,2926.8833403951203,adaptive,15
460000,2868.8509462360444,adaptive,15
461000,2871.7836694197817,adaptive,15
462000,2837.8108588357227,adaptive,15
463000,2726.964197667128,adaptive,15
464000,2770.9018734562565,adaptive,15
465000,2905.2582778922674,adaptive,15
466000,2967.641342791531,adaptive,15
467000,2895.6799595985663,adaptive,15
468000,2794.223661034061,adaptive,15
469000,2955.0304219800637,adaptive,15
470000,2896.07117894224,adaptive,15
471000,2936.7669647993666,adaptive,15
472000,2811.5175450903575,adaptive,15
473000,2923.6033223011495,adaptive,15
474000,2995.1600113476447,adaptive,15
475000,2820.6326364158917,adaptive,15
476000,2910.9910948632946,adaptive,15
477000,2966.3506907342626,adaptive,15
478000,2897.508735351816,adaptive,15
479000,2962.643646632474,adaptive,15
480000,2782.1678144582997,adaptive,15
481000,2824.440287540361,adaptive,15
482000,2960.1047195244005,adaptive,15
483000,2841.588600966136,adaptive,15
484000,2864.116517543455,adaptive,15
485000,2872.153789575431,adaptive,15
486000,2958.62723249094,adaptive,15
487000,2927.3836710303435,adaptive,15
488000,2864.778472247317,adaptive,15
489000,2873.127809898461,adaptive,15
490000,2869.02153592765,adaptive,15
491000,2874.83357711436,adaptive,15
492000,2925.773770136128,adaptive,15
493000,2912.78301313008,adaptive,15
494000,2923.12078549844,adaptive,15
495000,2877.1981566205827,adaptive,15
496000,2919.8242297492006,adaptive,15
497000,2904.8332425948,adaptive,15
498000,2877.110582211804,adaptive,15
499000,2965.1018360025996,adaptive,15
500000,3023.827455098166,adaptive,15
1,35549.08583419631,greedy,15
1000,18193.407265715392,greedy,15
2000,14039.032526267423,greedy,15
3000,11461.48279127263,greedy,15
4000,10256.855001732083,greedy,15
5000,9209.16556557493,greedy,15
6000,8772.306466541402,greedy,15
7000,7728.5653314031815,greedy,15
8000,7164.63806638425,greedy,15
9000,6726.830837285497,greedy,15
10000,6785.720992899375,greedy,15
11000,6027.612817907235,greedy,15
12000,6181.806924500034,greedy,15
13000,5755.840696334509,greedy,15
14000,6009.090930435539,greedy,15
15000,5741.082319643176,greedy,15
16000,5678.065503758305,greedy,15
17000,5206.290537453294,greedy,15
18000,5005.18672444101,greedy,15
19000,5023.438545035598,greedy,15
20000,4812.884984904052,greedy,15
21000,4945.632310522177,greedy,15
22000,4652.768960612473,greedy,15
23000,4569.623479863165,greedy,15
24000,4492.749218752462,greedy,15
25000,4524.3019411141995,greedy,15
26000,4245.076191269243,greedy,15
27000,4084.1038647427613,greedy,15
28000,4022.4826381780736,greedy,15
29000,4323.403732201584,greedy,15
30000,4144.904995469011,greedy,15
31000,4022.8176284877445,greedy,15
32000,4147.407340698457,greedy,15
33000,3759.793017510113,greedy,15
34000,3981.4581939114328,greedy,15
35000,3776.081623064444,greedy,15
36000,3910.6922232617653,greedy,15
37000,4019.076841037428,greedy,15
38000,3915.208857405693,greedy,15
39000,3817.669972009432,greedy,15
40000,3741.8501799501396,greedy,15
41000,3717.795263336957,greedy,15
42000,3763.539961832547,greedy,15
43000,3803.895300601284,greedy,15
44000,3621.7577284056165,greedy,15
45000,3674.2014183693873,greedy,15
46000,3554.297481757115,greedy,15
47000,3643.471412046325,greedy,15
48000,3515.68765328872,greedy,15
49000,3707.7049476537195,greedy,15
50000,3611.5875698032582,greedy,15
51000,3606.5722230332694,greedy,15
52000,3755.3972022217395,greedy,15
53000,3470.061472903781,greedy,15
54000,3580.857388967977,greedy,15
55000,3426.475564075587,greedy,15
56000,3429.076869636158,greedy,15
57000,3307.639324024169,greedy,15
58000,3362.1868051670112,greedy,15
59000,3684.6096231217293,greedy,15
60000,3524.170696118554,greedy,15
61000,3456.5698567354907,greedy,15
62000,3328.126626159497,greedy,15
63000,3458.0828588093927,greedy,15
64000,3100.498121359919,greedy,15
65000,3414.872679712073,greedy,15
66000,3422.303227546693,greedy,15
67000,3328.3660324293724,greedy,15
68000,3304.0475855162254,greedy,15
69000,3372.2488832789813,greedy,15
70000,3355.7019474858885,greedy,15
71000,3191.7623857099434,greedy,15
72000,3320.7290571682106,greedy,15
73000,3269.7296692406544,greedy,15
74000,3183.037948253166,greedy,15
75000,3229.664585943366,greedy,15
76000,3214.3077436624044,greedy,15
77000,3231.9945376234455,greedy,15
78000,3231.915222134284,greedy,15
79000,3218.4299934554756,greedy,15
80000,3167.306827819034,greedy,15
81000,3254.597812801998,greedy,15
82000,3289.614847066655,greedy,15
83000,3116.1590318665276,greedy,15
84000,3301.4206422878283,greedy,15
85000,3159.017960597039,greedy,15
86000,3172.7216775573693,greedy,15
87000,3221.163509607456,greedy,15
88000,3064.3011444358112,greedy,15
89000,3264.878282017674,greedy,15
90000,3154.6326462208076,greedy,15
91000,3176.9581441511427,greedy,15
92000,3179.275426910698,greedy,15
93000,3077.981716405996,greedy,15
94000,3009.526171544045,greedy,15
95000,3147.7296758802568,greedy,15
96000,3080.962875766192,greedy,15
97000,3093.3621197717835,greedy,15
98000,3175.573855690007,greedy,15
99000,3069.5414314448312,greedy,15
100000,3124.6414113873284,greedy,15
101000,3065.461921932288,greedy,15
102000,2994.560573028216,greedy,15
103000,3059.340997741866,greedy,15
104000,3095.0784961517948,greedy,15
105000,2964.1060685776743,greedy,15
106000,3024.5580498606228,greedy,15
107000,3128.3904980704006,greedy,15
108000,3081.6546577995628,greedy,15
109000,3202.5089827823294,greedy,15
110000,3010.557470255233,greedy,15
111000,3108.5632371853717,greedy,15
112000,3080.6471637455184,greedy,15
113000,3125.5501857176487,greedy,15
114000,3093.4781155389583,greedy,15
115000,3196.823242998257,greedy,15
116000,3164.4025285825014,greedy,15
117000,2948.2528814128254,greedy,15
118000,3041.7050297377773,greedy,15
119000,2970.241710545631,greedy,15
120000,3090.1163672931775,greedy,15
121000,3111.593894580805,greedy,15
122000,3138.4844115697297,greedy,15
123000,3062.291260848856,greedy,15
124000,3180.973790822433,greedy,15
125000,3031.2462079307684,greedy,15
126000,2975.6056893209084,greedy,15
127000,3114.3050707153543,greedy,15
128000,3022.725282521196,greedy,15
129000,3032.365444707782,greedy,15
130000,3145.2752140638386,greedy,15
131000,3048.803977165469,greedy,15
132000,2956.796018318147,greedy,15
133000,2912.64804938405,greedy,15
134000,3025.932188011408,greedy,15
135000,3055.6086191187974,greedy,15
136000,3167.364384494793,greedy,15
137000,3051.198713289274,greedy,15
138000,3112.4013720555763,greedy,15
139000,2924.7086541542512,greedy,15
140000,3098.4561719665007,greedy,15
141000,3062.6133324583247,greedy,15
142000,3019.7856308501964,greedy,15
143000,3157.7496234669134,greedy,15
144000,3019.1376898816948,greedy,15
145000,3047.7438921558087,greedy,15
146000,3053.111769260682,greedy,15
147000,2915.469262980081,greedy,15
148000,2897.748694789968,greedy,15
149000,2977.880153986987,greedy,15
150000,3034.9555343312604,greedy,15
151000,2963.3758329274465,greedy,15
152000,3025.4634546277803,greedy,15
153000,2928.549539680103,greedy,15
154000,3008.5833656807063,greedy,15
155000,3007.1112577077924,greedy,15
156000,3096.8233474134117,greedy,15
157000,2964.743140503758,greedy,15
158000,3078.0008450527253,greedy,15
159000,3107.3652248956505,greedy,15
160000,2939.7169628363804,greedy,15
161000,2975.6035393638995,greedy,15
162000,2904.696252339526,greedy,15
163000,2890.012866886794,greedy,15
164000,2988.2449920921827,greedy,15
165000,3067.8340156233116,greedy,15
166000,2907.57032197451,greedy,15
167000,3006.4947591848477,greedy,15
168000,3113.8753934639503,greedy,15
169000,2996.6974925088152,greedy,15
170000,3114.085330180611,greedy,15
171000,2960.2928363269784,greedy,15
172000,2946.521663205589,greedy,15
173000,3047.327453871822,greedy,15
174000,3068.0145208915897,greedy,15
175000,2962.997187790127,greedy,15
176000,2965.4415078662005,greedy,15
177000,3088.0588631785195,greedy,15
178000,3059.1834412984454,greedy,15
179000,2972.339073179994,greedy,15
180000,2970.373202149851,greedy,15
181000,2996.4875146150116,greedy,15
182000,2973.661262198892,greedy,15
183000,2866.600539876824,greedy,15
184000,2851.088046463109,greedy,15
185000,2987.5918174228455,greedy,15
186000,2986.566770283062,greedy,15
187000,2880.7827880467203,greedy,15
188000,2976.193669234745,greedy,15
189000,2973.592212652854,greedy,15
190000,2908.9626499951873,greedy,15
191000,2920.9674156448423,greedy,15
192000,2828.551739046913,greedy,15
193000,2923.1581016466334,greedy,15
194000,2839.3083590697215,greedy,15
195000,2976.278980371625,greedy,15
196000,2873.668054526806,greedy,15
197000,3072.0612368559046,greedy,15
198000,3021.2357920803984,greedy,15
199000,3062.74801689234,greedy,15
200000,2970.9398644078997,greedy,15
201000,2922.0936557453756,greedy,15
202000,2979.8017864966764,greedy,15
203000,2903.950734275783,greedy,15
204000,2923.394093088339,greedy,15
205000,3001.6650927380365,greedy,15
206000,2934.2129871132656,greedy,15
207000,2875.635424739629,greedy,15
208000,2935.239329350598,greedy,15
209000,2966.2827556587245,greedy,15
210000,2830.3606203718305,greedy,15
211000,3003.991107263107,greedy,15
212000,2936.682374526424,greedy,15
213000,2856.1095582505077,greedy,15
214000,3011.8190291811493,greedy,15
215000,3142.2872931589313,greedy,15
216000,2911.331310938907,greedy,15
217000,2990.5737816707797,greedy,15
218000,2984.461808683355,greedy,15
219000,2974.3400324391923,greedy,15
220000,2997.0838359623394,greedy,15
221000,3053.2568718504785,greedy,15
222000,2984.176050017877,greedy,15
223000,2944.9473442733206,greedy,15
224000,2928.182672111244,greedy,15
225000,2911.299851824221,greedy,15
226000,2918.4396162552266,greedy,15
227000,2998.420039974996,greedy,15
228000,2814.7640981830355,greedy,15
229000,2986.1547515400953,greedy,15
230000,2950.4299343877233,greedy,15
231000,3029.034104910766,greedy,15
232000,2877.047841652094,greedy,15
233000,3031.8716913456187,greedy,15
234000,2869.6462727927933,greedy,15
235000,2907.13000188182,greedy,15
236000,2982.4212195843265,greedy,15
237000,2995.816659821527,greedy,15
238000,2838.8598990654323,greedy,15
239000,2954.5437121352174,greedy,15
240000,2948.3006933460183,greedy,15
241000,3096.300352564076,greedy,15
242000,2988.3993781799254,greedy,15
243000,2853.887916020951,greedy,15
244000,2838.179468749958,greedy,15
245000,2869.0332133628717,greedy,15
246000,2969.0678524406776,greedy,15
247000,2931.999157338837,greedy,15
248000,3040.489436517339,greedy,15
249000,2875.990713754622,greedy,15
250000,2826.270180035681,greedy,15
251000,2888.061785848466,greedy,15
252000,3048.9185097841487,greedy,15
253000,2955.0897265136696,greedy,15
254000,2943.452152766916,greedy,15
255000,3003.544928867452,greedy,15
256000,2979.630133839101,greedy,15
257000,2860.860220674307,greedy,15
258000,2885.1469987208725,greedy,15
259000,2983.0887429598524,greedy,15
260000,2860.2806899360353,greedy,15
261000,2917.593732439252,greedy,15
262000,2867.5494935312004,greedy,15
263000,2971.4180871275025,greedy,15
264000,2896.531739301358,greedy,15
265000,2916.5439383818357,greedy,15
266000,2920.003728116003,greedy,15
267000,2918.889212022515,greedy,15
268000,2990.408009543055,greedy,15
269000,2959.9607213122404,greedy,15
270000,2914.6730005219156,greedy,15
271000,2875.4980848856044,greedy,15
272000,2880.1527826537395,greedy,15
273000,3034.007370723437,greedy,15
274000,2952.0693819932585,greedy,15
275000,2929.2118186031853,greedy,15
276000,2798.5437412968204,greedy,15
277000,2912.8621602753055,greedy,15
278000,2854.9679778306704,greedy,15
279000,2814.8870622329628,greedy,15
280000,2993.4051754424427,greedy,15
281000,2893.071780410501,greedy,15
282000,2855.1458497103827,greedy,15
283000,2898.4437259744946,greedy,15
284000,2945.790723108794,greedy,15
285000,2896.0509582462823,greedy,15
286000,2869.740177346743,greedy,15
287000,2941.533353531784,greedy,15
288000,2904.9168212706827,greedy,15
289000,3040.125784919863,greedy,15
290000,2959.4888121366776,greedy,15
291000,3004.3107954618877,greedy,15
292000,2827.078675548013,greedy,15
293000,2911.8556786095146,greedy,15
294000,3001.7761224712926,greedy,15
295000,2973.308489574518,greedy,15
296000,2999.986413772343,greedy,15
297000,2901.422834627606,greedy,15
298000,2954.0436535050335,greedy,15
299000,2919.1586529725673,greedy,15
300000,2949.556542726545,greedy,15
301000,2850.8201604117676,greedy,15
302000,2914.364882865781,greedy,15
303000,2938.62563927125,greedy,15
304000,2812.4871446423394,greedy,15
305000,2996.7133180832193,greedy,15
306000,3002.966819654568,greedy,15
307000,2807.97721348803,greedy,15
308000,2933.1862188230234,greedy,15
309000,2957.139949185613,greedy,15
310000,2751.186118590162,greedy,15
311000,2904.1461541705257,greedy,15
312000,2804.363585735237,greedy,15
313000,2957.3927886050556,greedy,15
314000,3028.0133984381855,greedy,15
315000,2937.2487337484754,greedy,15
316000,2987.8448387914264,greedy,15
317000,2858.0552746258304,greedy,15
318000,3009.833194606509,greedy,15
319000,2863.379084749928,greedy,15
320000,2983.84526512053,greedy,15
321000,2965.5318758514563,greedy,15
322000,2924.30946715227,greedy,15
323000,2901.097373207701,greedy,15
324000,2949.376649073437,greedy,15
325000,2816.117682200245,greedy,15
326000,2907.1176248097618,greedy,15
327000,2770.4517871015482,greedy,15
328000,2941.585664916384,greedy,15
329000,2921.0865004502334,greedy,15
330000,2846.717519523854,greedy,15
331000,2820.103341473576,greedy,15
332000,2895.299694606145,greedy,15
333000,2811.6444436912316,greedy,15
334000,2893.720136697274,greedy,15
335000,2778.9010936172785,greedy,15
336000,2992.844856295343,greedy,15
337000,2891.747902575156,greedy,15
338000,2891.439173297168,greedy,15
339000,3065.312331195358,greedy,15
340000,2887.180794065741,greedy,15
341000,2875.519614914492,greedy,15
342000,2954.44220281037,greedy,15
343000,3028.141472151668,greedy,15
344000,3022.9770634588126,greedy,15
345000,2926.6614923523775,greedy,15
346000,2871.399547812925,greedy,15
347000,2924.1688406102126,greedy,15
348000,2856.297569125704,greedy,15
349000,2898.4538241632595,greedy,15
350000,2994.9266317444535,greedy,15
351000,2852.4399213980087,greedy,15
352000,2817.4845855887534,greedy,15
353000,2933.7864729817907,greedy,15
354000,2936.490663982175,greedy,15
355000,2926.125268448113,greedy,15
356000,3026.130574913433,greedy,15
357000,2930.6399132835118,greedy,15
358000,2979.082471186438,greedy,15
359000,2943.9576409660795,greedy,15
360000,2943.2902383895266,greedy,15
361000,2902.830477858427,greedy,15
362000,2857.9982922357676,greedy,15
363000,2858.8406935583803,greedy,15
364000,2901.650351371585,greedy,15
365000,3033.801147214133,greedy,15
366000,3033.6825039338755,greedy,15
367000,2906.9708685398455,greedy,15
368000,2889.5149000574684,greedy,15
369000,2877.6553116274004,greedy,15
370000,2844.0688985896204,greedy,15
371000,2997.9640479931045,greedy,15
372000,2850.3363667505896,greedy,15
373000,2904.1660712364837,greedy,15
374000,2946.8316512189726,greedy,15
375000,3003.252181086644,greedy,15
376000,3083.597898480097,greedy,15
377000,2885.9410959592033,greedy,15
378000,2845.7385969459515,greedy,15
379000,2838.1974462828507,greedy,15
380000,2913.550676378182,greedy,15
381000,2990.0792856334633,greedy,15
382000,2887.7463948040313,greedy,15
383000,2789.991117226985,greedy,15
384000,2990.6264529353825,greedy,15
385000,2846.9741510471767,greedy,15
386000,2863.274464253441,greedy,15
387000,2908.10762143598,greedy,15
388000,2974.8758727148047,greedy,15
389000,2874.755874036907,greedy,15
390000,2943.7933370285486,greedy,15
391000,2834.265702181942,greedy,15
392000,2940.112066884177,greedy,15
393000,2878.5674452242083,greedy,15
394000,2923.481560811337,greedy,15
395000,2967.3555280678897,greedy,15
396000,2933.558244283699,greedy,15
397000,2898.958056793204,greedy,15
398000,2918.512344341485,greedy,15
399000,2934.163655176703,greedy,15
400000,2895.8425582056325,greedy,15
401000,2931.559930936801,greedy,15
402000,2841.938864996746,greedy,15
403000,2928.8548469919374,greedy,15
404000,2890.2927822234346,greedy,15
405000,2907.1141303320555,greedy,15
406000,3003.1803410698644,greedy,15
407000,2825.6643012896866,greedy,15
408000,2909.9606810103287,greedy,15
409000,2842.9353876247847,greedy,15
410000,2955.273902452324,greedy,15
411000,2873.0883983217764,greedy,15
412000,2937.083239093092,greedy,15
413000,3047.7831739274243,greedy,15
414000,3061.7043994052806,greedy,15
415000,2767.4102402259396,greedy,15
416000,2729.1531600606563,greedy,15
417000,2954.910371349837,greedy,15
418000,2796.0438657013924,greedy,15
419000,2915.06075870439,greedy,15
420000,2901.6787284972447,greedy,15
421000,2813.542871490312,greedy,15
422000,2935.9921660576724,greedy,15
423000,2888.593414756973,greedy,15
424000,2944.556282470955,greedy,15
425000,2948.8025103043356,greedy,15
426000,3004.469997140784,greedy,15
427000,2941.2526275174105,greedy,15
428000,2800.27630586412,greedy,15
429000,2907.7957980929673,greedy,15
430000,2944.318730696656,greedy,15
431000,2939.2144126667677,greedy,15
432000,2792.231061045422,greedy,15
433000,2878.377730837985,greedy,15
434000,2973.4143486022303,greedy,15
435000,2910.453404546515,greedy,15
436000,2896.2893173727102,greedy,15
437000,2945.492060483357,greedy,15
438000,2860.54254900908,greedy,15
439000,2875.0195069332203,greedy,15
440000,2722.6560295178374,greedy,15
441000,2799.768450635825,greedy,15
442000,2866.69201581859,greedy,15
443000,2876.9609775138533,greedy,15
444000,2865.1145345733744,greedy,15
445000,2828.4939701164885,greedy,15
446000,2819.5404130620345,greedy,15
447000,2926.618269026149,greedy,15
448000,2930.2397163392598,greedy,15
449000,3028.5878016471866,greedy,15
450000,2849.8102953433827,greedy,15
451000,2870.0250836982946,greedy,15
452000,2830.704243588988,greedy,15
453000,2789.3333023941254,greedy,15
454000,3024.23759681093,greedy,15
455000,2962.036874577778,greedy,15
456000,2948.2957611224583,greedy,15
457000,2835.751129053529,greedy,15
458000,2946.1521348102583,greedy,15
459000,2881.5367413239346,greedy,15
460000,2826.479578042062,greedy,15
461000,2845.113055664055,greedy,15
462000,2904.7346342004366,greedy,15
463000,3001.0930595586433,greedy,15
464000,2918.873847506251,greedy,15
465000,2883.3835541553917,greedy,15
466000,2970.3591120696574,greedy,15
467000,2949.789984923999,greedy,15
468000,2787.5329522152165,greedy,15
469000,2875.7154886524645,greedy,15
470000,2899.8816391438227,greedy,15
471000,2896.961822936409,greedy,15
472000,2937.19467436073,greedy,15
473000,2876.0843186985057,greedy,15
474000,2897.2770781733248,greedy,15
475000,2908.46062277458,greedy,15
476000,2878.400096961675,greedy,15
477000,2828.236119432078,greedy,15
478000,2875.847523034223,greedy,15
479000,2876.884316000511,greedy,15
480000,2911.4738839004112,greedy,15
481000,2882.065016748643,greedy,15
482000,2884.120654507374,greedy,15
483000,2985.3694348536987,greedy,15
484000,2928.4204483695876,greedy,15
485000,2927.8030898181555,greedy,15
486000,2938.1699902498985,greedy,15
487000,2900.0829465199304,greedy,15
488000,2972.2917546472904,greedy,15
489000,2900.40235023626,greedy,15
490000,2916.496615200438,greedy,15
491000,2962.896724340585,greedy,15
492000,3037.6854079007076,greedy,15
493000,2874.3870780429525,greedy,15
494000,2843.7768180435437,greedy,15
495000,2881.3010412873045,greedy,15
496000,2912.4996293353875,greedy,15
497000,2890.888549072759,greedy,15
498000,2909.7411288323196,greedy,15
499000,2943.1553382818843,greedy,15
500000,2862.8583431782567,greedy,15
